sequence,device_timestamp_us,host_received_monotonic_ns,width,height,jpeg_bytes,relative_path
285,1975134242,478993484000000,320,240,6466,frames/0000000285.jpg
286,1975206331,478993640000000,320,240,6423,frames/0000000286.jpg
287,1975314258,478993703000000,320,240,6737,frames/0000000287.jpg
288,1975422313,478993781000000,320,240,6861,frames/0000000288.jpg
289,1975530482,478993890000000,320,240,6846,frames/0000000289.jpg
290,1975602517,478994000000000,320,240,6735,frames/0000000290.jpg
291,1975710462,478994125000000,320,240,6637,frames/0000000291.jpg
292,1975818506,478994171000000,320,240,6689,frames/0000000292.jpg
293,1975926660,478994312000000,320,240,6741,frames/0000000293.jpg
294,1976034695,478994390000000,320,240,6903,frames/0000000294.jpg
295,1976106767,478994546000000,320,240,6909,frames/0000000295.jpg
296,1976214703,478994593000000,320,240,7016,frames/0000000296.jpg
297,1976322850,478994734000000,320,240,6986,frames/0000000297.jpg
298,1976430889,478994828000000,320,240,7125,frames/0000000298.jpg
299,1976502943,478994921000000,320,240,7253,frames/0000000299.jpg
300,1976610969,478995031000000,320,240,7448,frames/0000000300.jpg
301,1976719019,478995156000000,320,240,7491,frames/0000000301.jpg
302,1976755125,478995250000000,320,240,7416,frames/0000000302.jpg
303,1976935233,478995343000000,320,240,7351,frames/0000000303.jpg
304,1977007321,478995421000000,320,240,7215,frames/0000000304.jpg
305,1977115229,478995531000000,320,240,7257,frames/0000000305.jpg
306,1977223425,478995593000000,320,240,7054,frames/0000000306.jpg
307,1977331255,478995734000000,320,240,7105,frames/0000000307.jpg
308,1977403405,478995828000000,320,240,7184,frames/0000000308.jpg
309,1977511439,478995953000000,320,240,7232,frames/0000000309.jpg
310,1977547548,478995984000000,320,240,7303,frames/0000000310.jpg
311,1977727537,478996156000000,320,240,7311,frames/0000000311.jpg
312,1977835575,478996250000000,320,240,7356,frames/0000000312.jpg
313,1977907748,478996343000000,320,240,7323,frames/0000000313.jpg
314,1978015691,478996421000000,320,240,7238,frames/0000000314.jpg
315,1978123772,478996546000000,320,240,7297,frames/0000000315.jpg
316,1978231784,478996578000000,320,240,6789,frames/0000000316.jpg
317,1978303878,478996750000000,320,240,6477,frames/0000000317.jpg
318,1978411812,478996859000000,320,240,6360,frames/0000000318.jpg
319,1978519923,478996921000000,320,240,6428,frames/0000000319.jpg
320,1978627914,478996984000000,320,240,6643,frames/0000000320.jpg
321,1978736097,478997078000000,320,240,6800,frames/0000000321.jpg
322,1978808098,478997218000000,320,240,6855,frames/0000000322.jpg
323,1978916044,478997328000000,320,240,7034,frames/0000000323.jpg
324,1979024100,478997359000000,320,240,7118,frames/0000000324.jpg
325,1979132328,478997468000000,320,240,7195,frames/0000000325.jpg
326,1979204480,478997578000000,320,240,7190,frames/0000000326.jpg
327,1979312329,478997750000000,320,240,7226,frames/0000000327.jpg
328,1979420686,478997796000000,320,240,7246,frames/0000000328.jpg
329,1979528530,478997937000000,320,240,7302,frames/0000000329.jpg
330,1979564541,478997984000000,320,240,7258,frames/0000000330.jpg
331,1979708515,478998093000000,320,240,7336,frames/0000000331.jpg
332,1979744613,478998171000000,320,240,7347,frames/0000000332.jpg
333,1979924626,478998312000000,320,240,7304,frames/0000000333.jpg
334,1980032756,478998375000000,320,240,7327,frames/0000000334.jpg
335,1980104818,478998531000000,320,240,7320,frames/0000000335.jpg
336,1980212772,478998609000000,320,240,7198,frames/0000000336.jpg
337,1980320844,478998703000000,320,240,7157,frames/0000000337.jpg
338,1980428912,478998843000000,320,240,7096,frames/0000000338.jpg
339,1980536854,478998875000000,320,240,7144,frames/0000000339.jpg
340,1980609101,478999031000000,320,240,7169,frames/0000000340.jpg
341,1980717018,478999125000000,320,240,7212,frames/0000000341.jpg
342,1980825073,478999187000000,320,240,7252,frames/0000000342.jpg
343,1980933249,478999281000000,320,240,7303,frames/0000000343.jpg
344,1981005286,478999375000000,320,240,7353,frames/0000000344.jpg
345,1981113214,478999531000000,320,240,7285,frames/0000000345.jpg
346,1981221261,478999656000000,320,240,7307,frames/0000000346.jpg
347,1981329330,478999671000000,320,240,7324,frames/0000000347.jpg
348,1981401481,478999765000000,320,240,7268,frames/0000000348.jpg
349,1981509415,478999953000000,320,240,7337,frames/0000000349.jpg
350,1981617469,478999984000000,320,240,7347,frames/0000000350.jpg
351,1981725514,479000140000000,320,240,7375,frames/0000000351.jpg
352,1981833565,479000171000000,320,240,7422,frames/0000000352.jpg
353,1981905712,479000312000000,320,240,7343,frames/0000000353.jpg
354,1981941751,479000437000000,320,240,7256,frames/0000000354.jpg
355,1982121647,479000500000000,320,240,6636,frames/0000000355.jpg
356,1982229811,479000609000000,320,240,6644,frames/0000000356.jpg
357,1982301852,479000671000000,320,240,6766,frames/0000000357.jpg
358,1982409799,479000812000000,320,240,6836,frames/0000000358.jpg
359,1982517840,479000875000000,320,240,6997,frames/0000000359.jpg
360,1982626022,479001031000000,320,240,7153,frames/0000000360.jpg
361,1982734040,479001140000000,320,240,7236,frames/0000000361.jpg
362,1982806205,479001234000000,320,240,7306,frames/0000000362.jpg
363,1982914116,479001281000000,320,240,7345,frames/0000000363.jpg
364,1983022174,479001453000000,320,240,7379,frames/0000000364.jpg
365,1983130213,479001562000000,320,240,7366,frames/0000000365.jpg
366,1983202380,479001609000000,320,240,7305,frames/0000000366.jpg
367,1983238459,479001687000000,320,240,7311,frames/0000000367.jpg
368,1983418389,479001781000000,320,240,7186,frames/0000000368.jpg
369,1983526560,479001921000000,320,240,6943,frames/0000000369.jpg
370,1983634463,479002031000000,320,240,7152,frames/0000000370.jpg
371,1983706638,479002125000000,320,240,7112,frames/0000000371.jpg
372,1983814492,479002250000000,320,240,6698,frames/0000000372.jpg
373,1983922543,479002265000000,320,240,6981,frames/0000000373.jpg
374,1984030781,479002375000000,320,240,7286,frames/0000000374.jpg
375,1984102830,479002531000000,320,240,7317,frames/0000000375.jpg
376,1984210752,479002625000000,320,240,7405,frames/0000000376.jpg
377,1984318816,479002656000000,320,240,7361,frames/0000000377.jpg
378,1984426955,479002812000000,320,240,7365,frames/0000000378.jpg
379,1984462935,479002906000000,320,240,7361,frames/0000000379.jpg
380,1984607097,479002968000000,320,240,7308,frames/0000000380.jpg
381,1984715013,479003062000000,320,240,7387,frames/0000000381.jpg
382,1984823192,479003171000000,320,240,7344,frames/0000000382.jpg
383,1984931141,479003265000000,320,240,7166,frames/0000000383.jpg
384,1985003284,479003375000000,320,240,7237,frames/0000000384.jpg
385,1985111214,479003515000000,320,240,7306,frames/0000000385.jpg
386,1985219190,479003578000000,320,240,6906,frames/0000000386.jpg
387,1985327366,479003734000000,320,240,6866,frames/0000000387.jpg
388,1985435384,479003765000000,320,240,7099,frames/0000000388.jpg
389,1985507526,479003937000000,320,240,6989,frames/0000000389.jpg
390,1985615394,479003968000000,320,240,6791,frames/0000000390.jpg
391,1985723580,479004078000000,320,240,7113,frames/0000000391.jpg
392,1985831702,479004203000000,320,240,7206,frames/0000000392.jpg
393,1985903656,479004312000000,320,240,7300,frames/0000000393.jpg
394,1986011658,479004390000000,320,240,7399,frames/0000000394.jpg
395,1986119724,479004468000000,320,240,7279,frames/0000000395.jpg
396,1986227920,479004640000000,320,240,7258,frames/0000000396.jpg
397,1986335820,479004671000000,320,240,7281,frames/0000000397.jpg
398,1986407975,479004828000000,320,240,7346,frames/0000000398.jpg
399,1986515910,479004921000000,320,240,7274,frames/0000000399.jpg
400,1986623962,479004968000000,320,240,7408,frames/0000000400.jpg
401,1986732132,479005093000000,320,240,7293,frames/0000000401.jpg
402,1986804156,479005171000000,320,240,7407,frames/0000000402.jpg
403,1986912138,479005328000000,320,240,6697,frames/0000000403.jpg
404,1987020099,479005437000000,320,240,6616,frames/0000000404.jpg
405,1987128264,479005765000000,320,240,6905,frames/0000000405.jpg
406,1987524338,479006109000000,320,240,7134,frames/0000000406.jpg
407,1987560464,479006140000000,320,240,7106,frames/0000000407.jpg
408,1987668495,479006171000000,320,240,7318,frames/0000000408.jpg
409,1987884590,479006265000000,320,240,7339,frames/0000000409.jpg
410,1987920711,479006296000000,320,240,7342,frames/0000000410.jpg
411,1988028771,479006406000000,320,240,7263,frames/0000000411.jpg
412,1988136720,479006500000000,320,240,7377,frames/0000000412.jpg
413,1988244775,479006671000000,320,240,7193,frames/0000000413.jpg
414,1988352758,479006750000000,320,240,6867,frames/0000000414.jpg
415,1988424906,479006796000000,320,240,6736,frames/0000000415.jpg
416,1988532848,479006890000000,320,240,7008,frames/0000000416.jpg
417,1988640899,479006984000000,320,240,7123,frames/0000000417.jpg
418,1988749036,479007156000000,320,240,6998,frames/0000000418.jpg
419,1988857101,479007187000000,320,240,6978,frames/0000000419.jpg
420,1988929244,479007296000000,320,240,7229,frames/0000000420.jpg
421,1989037095,479008453000000,320,240,6916,frames/0000000421.jpg
422,1990225885,479008578000000,320,240,7265,frames/0000000422.jpg
423,1990333977,479008718000000,320,240,7256,frames/0000000423.jpg
424,1990369946,479008843000000,320,240,7314,frames/0000000424.jpg
425,1990514207,479008921000000,320,240,7382,frames/0000000425.jpg
426,1990621953,479009062000000,320,240,7294,frames/0000000426.jpg
427,1990730138,479009093000000,320,240,7412,frames/0000000427.jpg
428,1990838187,479009187000000,320,240,7248,frames/0000000428.jpg
429,1990910231,479009296000000,320,240,7221,frames/0000000429.jpg
430,1991018156,479009437000000,320,240,7357,frames/0000000430.jpg
431,1991126210,479009484000000,320,240,7291,frames/0000000431.jpg
432,1991234396,479009578000000,320,240,7281,frames/0000000432.jpg
433,1991306416,479009734000000,320,240,7405,frames/0000000433.jpg
434,1991414348,479009843000000,320,240,7360,frames/0000000434.jpg
435,1991522334,479009953000000,320,240,7313,frames/0000000435.jpg
436,1991630458,479010046000000,320,240,7268,frames/0000000436.jpg
437,1991738534,479010125000000,320,240,7169,frames/0000000437.jpg
438,1991810668,479010187000000,320,240,7295,frames/0000000438.jpg
439,1991918598,479010312000000,320,240,7356,frames/0000000439.jpg
440,1992026654,479010421000000,320,240,7295,frames/0000000440.jpg
441,1992134711,479010546000000,320,240,7250,frames/0000000441.jpg
442,1992206887,479010593000000,320,240,7397,frames/0000000442.jpg
443,1992314886,479010703000000,320,240,7142,frames/0000000443.jpg
444,1992422876,479010796000000,320,240,7288,frames/0000000444.jpg
445,1992530921,479010953000000,320,240,7306,frames/0000000445.jpg
446,1992639096,479010968000000,320,240,7254,frames/0000000446.jpg
447,1992711047,479011125000000,320,240,7213,frames/0000000447.jpg
448,1992819063,479011187000000,320,240,7234,frames/0000000448.jpg
449,1992927122,479011312000000,320,240,7020,frames/0000000449.jpg
450,1993035347,479011421000000,320,240,7116,frames/0000000450.jpg
451,1993107333,479011531000000,320,240,7204,frames/0000000451.jpg
452,1993143323,479011625000000,320,240,7203,frames/0000000452.jpg
453,1993323307,479011750000000,320,240,7315,frames/0000000453.jpg
454,1993431497,479011765000000,320,240,7337,frames/0000000454.jpg
455,1993539516,479011875000000,320,240,7315,frames/0000000455.jpg
456,1993611561,479012062000000,320,240,7370,frames/0000000456.jpg
457,1993719502,479012078000000,320,240,7370,frames/0000000457.jpg
458,1993827561,479012218000000,320,240,7174,frames/0000000458.jpg
459,1993935655,479012265000000,320,240,6978,frames/0000000459.jpg
460,1994007693,479012421000000,320,240,7083,frames/0000000460.jpg
461,1994115635,479012562000000,320,240,6811,frames/0000000461.jpg
462,1994223790,479012593000000,320,240,6912,frames/0000000462.jpg
463,1994331736,479012765000000,320,240,7235,frames/0000000463.jpg
464,1994439862,479012812000000,320,240,7187,frames/0000000464.jpg
465,1994512026,479012906000000,320,240,7117,frames/0000000465.jpg
466,1994619960,479013000000000,320,240,7293,frames/0000000466.jpg
467,1994728023,479013109000000,320,240,7078,frames/0000000467.jpg
468,1994764053,479013234000000,320,240,7203,frames/0000000468.jpg
469,1994908140,479013296000000,320,240,7193,frames/0000000469.jpg
470,1994944242,479013375000000,320,240,7230,frames/0000000470.jpg
471,1995124130,479013484000000,320,240,7216,frames/0000000471.jpg
472,1995232419,479013578000000,320,240,7269,frames/0000000472.jpg
473,1995304437,479013671000000,320,240,7247,frames/0000000473.jpg
474,1995412357,479013765000000,320,240,7317,frames/0000000474.jpg
475,1995520335,479013875000000,320,240,7059,frames/0000000475.jpg
476,1995628387,479014015000000,320,240,7117,frames/0000000476.jpg
477,1995736521,479014109000000,320,240,7220,frames/0000000477.jpg
478,1995808663,479014234000000,320,240,7221,frames/0000000478.jpg
479,1995916607,479014312000000,320,240,7291,frames/0000000479.jpg
480,1996024651,479014421000000,320,240,7225,frames/0000000480.jpg
481,1996132703,479014484000000,320,240,7357,frames/0000000481.jpg
482,1996204843,479014578000000,320,240,7088,frames/0000000482.jpg
483,1996312820,479014718000000,320,240,7358,frames/0000000483.jpg
484,1996420854,479014796000000,320,240,7027,frames/0000000484.jpg
485,1996529016,479014968000000,320,240,7342,frames/0000000485.jpg
486,1996565026,479015046000000,320,240,7324,frames/0000000486.jpg
487,1996709121,479015156000000,320,240,7223,frames/0000000487.jpg
488,1996745148,479015218000000,320,240,7137,frames/0000000488.jpg
489,1996925121,479015265000000,320,240,7173,frames/0000000489.jpg
490,1997033272,479015406000000,320,240,7129,frames/0000000490.jpg
491,1997105344,479015468000000,320,240,7123,frames/0000000491.jpg
492,1997213272,479015578000000,320,240,7141,frames/0000000492.jpg
493,1997321314,479015656000000,320,240,7261,frames/0000000493.jpg
494,1997429455,479015828000000,320,240,7172,frames/0000000494.jpg
495,1997537497,479015906000000,320,240,7381,frames/0000000495.jpg
496,1997609564,479016000000000,320,240,7320,frames/0000000496.jpg
497,1997717496,479016078000000,320,240,7258,frames/0000000497.jpg
498,1997825563,479016171000000,320,240,7331,frames/0000000498.jpg
499,1997933605,479016328000000,320,240,7264,frames/0000000499.jpg
500,1998005769,479016437000000,320,240,7206,frames/0000000500.jpg
501,1998113704,479016515000000,320,240,7265,frames/0000000501.jpg
502,1998221746,479016640000000,320,240,7280,frames/0000000502.jpg
503,1998329799,479016718000000,320,240,7275,frames/0000000503.jpg
504,1998437962,479016828000000,320,240,7387,frames/0000000504.jpg
505,1998510001,479016890000000,320,240,7299,frames/0000000505.jpg
506,1998617960,479016968000000,320,240,7194,frames/0000000506.jpg
507,1998726140,479017093000000,320,240,7249,frames/0000000507.jpg
508,1998834055,479017171000000,320,240,7238,frames/0000000508.jpg
509,1998906212,479017359000000,320,240,7130,frames/0000000509.jpg
510,1999014170,479017375000000,320,240,7256,frames/0000000510.jpg
511,1999122219,479017515000000,320,240,7158,frames/0000000511.jpg
512,1999230369,479017640000000,320,240,7192,frames/0000000512.jpg
513,1999338454,479017687000000,320,240,7257,frames/0000000513.jpg
514,1999410460,479017828000000,320,240,7375,frames/0000000514.jpg
515,1999518402,479017875000000,320,240,7305,frames/0000000515.jpg
516,1999626566,479018031000000,320,240,7351,frames/0000000516.jpg
517,1999734506,479018078000000,320,240,7335,frames/0000000517.jpg
518,1999806664,479018171000000,320,240,7280,frames/0000000518.jpg
519,1999914598,479018328000000,320,240,7211,frames/0000000519.jpg
520,2000022574,479018390000000,320,240,7150,frames/0000000520.jpg
521,2000130632,479018546000000,320,240,7115,frames/0000000521.jpg
522,2000238878,479018578000000,320,240,7301,frames/0000000522.jpg
523,2000310824,479018734000000,320,240,7092,frames/0000000523.jpg
524,2000418770,479018812000000,320,240,7150,frames/0000000524.jpg
525,2000526892,479018984000000,320,240,7071,frames/0000000525.jpg
526,2000634983,479019078000000,320,240,7224,frames/0000000526.jpg
527,2000671112,479019156000000,320,240,7276,frames/0000000527.jpg
528,2000779174,479019250000000,320,240,7124,frames/0000000528.jpg
529,2000923120,479019296000000,320,240,7200,frames/0000000529.jpg
530,2001031167,479019406000000,320,240,7365,frames/0000000530.jpg
531,2001139316,479019531000000,320,240,7350,frames/0000000531.jpg
532,2001211385,479019656000000,320,240,7302,frames/0000000532.jpg
533,2001319219,479019750000000,320,240,7194,frames/0000000533.jpg
534,2001427357,479019796000000,320,240,7103,frames/0000000534.jpg
535,2001535525,479019984000000,320,240,7271,frames/0000000535.jpg
536,2001571514,479020062000000,320,240,7323,frames/0000000536.jpg
537,2001679473,479020156000000,320,240,7336,frames/0000000537.jpg
538,2001787530,479020218000000,320,240,7343,frames/0000000538.jpg
539,2001931695,479020359000000,320,240,7385,frames/0000000539.jpg
540,2002039648,479020484000000,320,240,7370,frames/0000000540.jpg
541,2002075779,479020578000000,320,240,7423,frames/0000000541.jpg
542,2002183728,479020718000000,320,240,7331,frames/0000000542.jpg
543,2002255758,479020843000000,320,240,7162,frames/0000000543.jpg
544,2002435862,479020984000000,320,240,7313,frames/0000000544.jpg
545,2002507881,479021093000000,320,240,7250,frames/0000000545.jpg
546,2002615954,479021218000000,320,240,7270,frames/0000000546.jpg
547,2002759999,479021281000000,320,240,7447,frames/0000000547.jpg
548,2003012138,479021515000000,320,240,7333,frames/0000000548.jpg
549,2003048259,479021687000000,320,240,7279,frames/0000000549.jpg
550,2003156205,479021750000000,320,240,7281,frames/0000000550.jpg
551,2003336303,479021828000000,320,240,7158,frames/0000000551.jpg
552,2003480300,479021921000000,320,240,7182,frames/0000000552.jpg
553,2003516589,479022031000000,320,240,7089,frames/0000000553.jpg
554,2003588352,479022171000000,320,240,7007,frames/0000000554.jpg
555,2003732529,479022296000000,320,240,7286,frames/0000000555.jpg
556,2003840548,479022406000000,320,240,7500,frames/0000000556.jpg
557,2003984615,479022437000000,320,240,7265,frames/0000000557.jpg
558,2004056656,479022500000000,320,240,7382,frames/0000000558.jpg
559,2004164748,479022531000000,320,240,7359,frames/0000000559.jpg
560,2004236740,479022625000000,320,240,7358,frames/0000000560.jpg
561,2004272845,479022703000000,320,240,7311,frames/0000000561.jpg
562,2004344805,479022859000000,320,240,7361,frames/0000000562.jpg
563,2004452873,479022890000000,320,240,6955,frames/0000000563.jpg
564,2004632969,479023062000000,320,240,7293,frames/0000000564.jpg
565,2004669085,479023093000000,320,240,7183,frames/0000000565.jpg
566,2004777040,479023265000000,320,240,7160,frames/0000000566.jpg
567,2004921116,479023328000000,320,240,7262,frames/0000000567.jpg
568,2005029149,479023437000000,320,240,7417,frames/0000000568.jpg
569,2005065279,479023578000000,320,240,7345,frames/0000000569.jpg
570,2005173204,479023656000000,320,240,7366,frames/0000000570.jpg
571,2005281270,479023750000000,320,240,7369,frames/0000000571.jpg
572,2005353305,479023781000000,320,240,7242,frames/0000000572.jpg
573,2005533453,479023984000000,320,240,6148,frames/0000000573.jpg
574,2005641473,479024062000000,320,240,6193,frames/0000000574.jpg
575,2005713574,479024234000000,320,240,6313,frames/0000000575.jpg
576,2005821524,479024343000000,320,240,6359,frames/0000000576.jpg
577,2005857658,479024406000000,320,240,6421,frames/0000000577.jpg
578,2006001563,479024468000000,320,240,6706,frames/0000000578.jpg
579,2006109618,479024515000000,320,240,6914,frames/0000000579.jpg
580,2006217757,479024625000000,320,240,7176,frames/0000000580.jpg
581,2006325714,479024718000000,320,240,7257,frames/0000000581.jpg
582,2006433872,479024828000000,320,240,7295,frames/0000000582.jpg
583,2006541928,479024890000000,320,240,6904,frames/0000000583.jpg
584,2006613964,479025031000000,320,240,7020,frames/0000000584.jpg
585,2006721910,479025125000000,320,240,7206,frames/0000000585.jpg
586,2006830216,479025218000000,320,240,7260,frames/0000000586.jpg
587,2006938222,479025265000000,320,240,7236,frames/0000000587.jpg
588,2007010271,479025375000000,320,240,7260,frames/0000000588.jpg
589,2007118198,479025546000000,320,240,7279,frames/0000000589.jpg
590,2007226260,479025578000000,320,240,7282,frames/0000000590.jpg
591,2007334298,479025734000000,320,240,7354,frames/0000000591.jpg
592,2007442457,479025781000000,320,240,7315,frames/0000000592.jpg
593,2007514503,479025890000000,320,240,7295,frames/0000000593.jpg
594,2007622444,479025984000000,320,240,7275,frames/0000000594.jpg
595,2007730417,479026078000000,320,240,7180,frames/0000000595.jpg
596,2007838575,479026218000000,320,240,6985,frames/0000000596.jpg
597,2007910616,479026328000000,320,240,7063,frames/0000000597.jpg
598,2008018564,479026359000000,320,240,7101,frames/0000000598.jpg
599,2008126736,479026468000000,320,240,7127,frames/0000000599.jpg
600,2008234849,479026578000000,320,240,7239,frames/0000000600.jpg
601,2008342925,479026718000000,320,240,7176,frames/0000000601.jpg
602,2008414868,479026781000000,320,240,7125,frames/0000000602.jpg
603,2008522815,479026875000000,320,240,7103,frames/0000000603.jpg
604,2008631063,479026968000000,320,240,7096,frames/0000000604.jpg
605,2008739055,479027125000000,320,240,7143,frames/0000000605.jpg
606,2008811068,479027218000000,320,240,7184,frames/0000000606.jpg
607,2008919101,479027281000000,320,240,7213,frames/0000000607.jpg
608,2009027260,479027375000000,320,240,7286,frames/0000000608.jpg
609,2009135243,479027468000000,320,240,7166,frames/0000000609.jpg
610,2009243323,479027578000000,320,240,7214,frames/0000000610.jpg
611,2009315412,479027734000000,320,240,7195,frames/0000000611.jpg
612,2009423365,479027781000000,320,240,7213,frames/0000000612.jpg
613,2009531401,479027937000000,320,240,7212,frames/0000000613.jpg
614,2009639446,479027984000000,320,240,7311,frames/0000000614.jpg
615,2009711609,479028109000000,320,240,7298,frames/0000000615.jpg
616,2009747611,479028218000000,320,240,7258,frames/0000000616.jpg
617,2009927512,479028281000000,320,240,7077,frames/0000000617.jpg
618,2010035672,479028406000000,320,240,6913,frames/0000000618.jpg
619,2010107719,479028468000000,320,240,6971,frames/0000000619.jpg
620,2010215663,479028625000000,320,240,7095,frames/0000000620.jpg
621,2010323799,479028703000000,320,240,7200,frames/0000000621.jpg
622,2010431937,479028765000000,320,240,7302,frames/0000000622.jpg
623,2010539894,479028921000000,320,240,7133,frames/0000000623.jpg
624,2010611969,479028968000000,320,240,7000,frames/0000000624.jpg
625,2010719915,479029078000000,320,240,6859,frames/0000000625.jpg
626,2010828063,479029234000000,320,240,7241,frames/0000000626.jpg
627,2010936142,479029265000000,320,240,7206,frames/0000000627.jpg
628,2011044237,479029375000000,320,240,7372,frames/0000000628.jpg
629,2011116327,479029468000000,320,240,7271,frames/0000000629.jpg
630,2011224259,479029625000000,320,240,6929,frames/0000000630.jpg
631,2011332229,479029671000000,320,240,6525,frames/0000000631.jpg
632,2011440376,479029812000000,320,240,6702,frames/0000000632.jpg
633,2011512424,479029859000000,320,240,6935,frames/0000000633.jpg
634,2011620363,479030031000000,320,240,6988,frames/0000000634.jpg
635,2011728613,479030140000000,320,240,7215,frames/0000000635.jpg
636,2011836683,479030187000000,320,240,7169,frames/0000000636.jpg
637,2011908617,479030281000000,320,240,6671,frames/0000000637.jpg
638,2012016570,479030406000000,320,240,6595,frames/0000000638.jpg
639,2012124622,479030468000000,320,240,6702,frames/0000000639.jpg
640,2012232787,479030625000000,320,240,6975,frames/0000000640.jpg
641,2012340851,479030718000000,320,240,7197,frames/0000000641.jpg
642,2012412957,479030812000000,320,240,7209,frames/0000000642.jpg
643,2012520815,479030937000000,320,240,6852,frames/0000000643.jpg
644,2012628957,479030968000000,320,240,6749,frames/0000000644.jpg
645,2012737055,479031140000000,320,240,6765,frames/0000000645.jpg
646,2012809069,479031187000000,320,240,6751,frames/0000000646.jpg
647,2012917020,479031296000000,320,240,6712,frames/0000000647.jpg
648,2013025076,479031437000000,320,240,6654,frames/0000000648.jpg
649,2013133124,479031468000000,320,240,6731,frames/0000000649.jpg
650,2013241241,479031609000000,320,240,6900,frames/0000000650.jpg
651,2013277319,479031671000000,320,240,6872,frames/0000000651.jpg
652,2013421340,479031812000000,320,240,7107,frames/0000000652.jpg
653,2013529389,479031953000000,320,240,7208,frames/0000000653.jpg
654,2013637436,479032015000000,320,240,7283,frames/0000000654.jpg
655,2013673557,479032093000000,320,240,7258,frames/0000000655.jpg
656,2013745504,479032203000000,320,240,7298,frames/0000000656.jpg
657,2013925593,479032343000000,320,240,7292,frames/0000000657.jpg
658,2014033630,479032453000000,320,240,7338,frames/0000000658.jpg
659,2014141684,479032500000000,320,240,7338,frames/0000000659.jpg
660,2014213846,479032625000000,320,240,7406,frames/0000000660.jpg
661,2014321776,479032750000000,320,240,7249,frames/0000000661.jpg
662,2014429936,479032781000000,320,240,7272,frames/0000000662.jpg
663,2014538022,479032937000000,320,240,7344,frames/0000000663.jpg
664,2014610185,479033062000000,320,240,7276,frames/0000000664.jpg
665,2014717984,479033140000000,320,240,7297,frames/0000000665.jpg
666,2014826043,479033328000000,320,240,7281,frames/0000000666.jpg
667,2014934005,479033421000000,320,240,7078,frames/0000000667.jpg
668,2014970126,479033484000000,320,240,6995,frames/0000000668.jpg
669,2015114109,479033562000000,320,240,7265,frames/0000000669.jpg
670,2015222170,479033703000000,320,240,6864,frames/0000000670.jpg
671,2015294197,479033781000000,320,240,6870,frames/0000000671.jpg
672,2015402249,479033812000000,320,240,7205,frames/0000000672.jpg
673,2015474380,479033953000000,320,240,7172,frames/0000000673.jpg
674,2015618722,479034046000000,320,240,6712,frames/0000000674.jpg
675,2015726432,479034156000000,320,240,6940,frames/0000000675.jpg
676,2015834570,479034250000000,320,240,6962,frames/0000000676.jpg
677,2015942636,479034312000000,320,240,7336,frames/0000000677.jpg
678,2016014758,479034468000000,320,240,7453,frames/0000000678.jpg
679,2016122669,479034562000000,320,240,7300,frames/0000000679.jpg
680,2016158905,479034640000000,320,240,7360,frames/0000000680.jpg
681,2016338834,479034812000000,320,240,7091,frames/0000000681.jpg
682,2016374860,479034890000000,320,240,7312,frames/0000000682.jpg
683,2016482963,479034968000000,320,240,7339,frames/0000000683.jpg
684,2016590918,479035109000000,320,240,7205,frames/0000000684.jpg
685,2016734917,479035187000000,320,240,7079,frames/0000000685.jpg
686,2016771031,479035312000000,320,240,6869,frames/0000000686.jpg
687,2016915029,479035406000000,320,240,7041,frames/0000000687.jpg
688,2016987041,479035500000000,320,240,7064,frames/0000000688.jpg
689,2017095094,479035562000000,320,240,6828,frames/0000000689.jpg
690,2017167132,479035625000000,320,240,6686,frames/0000000690.jpg
691,2017311298,479035812000000,320,240,7081,frames/0000000691.jpg
692,2017347358,479035921000000,320,240,7189,frames/0000000692.jpg
693,2017455264,479036046000000,320,240,7228,frames/0000000693.jpg
694,2017635428,479036109000000,320,240,7179,frames/0000000694.jpg
695,2017743410,479036218000000,320,240,7255,frames/0000000695.jpg
696,2017815509,479036296000000,320,240,7238,frames/0000000696.jpg
697,2017887515,479036437000000,320,240,7167,frames/0000000697.jpg
698,2017995614,479036531000000,320,240,7300,frames/0000000698.jpg
699,2018067659,479036671000000,320,240,7194,frames/0000000699.jpg
700,2018211729,479036750000000,320,240,7268,frames/0000000700.jpg
701,2018391812,479036843000000,320,240,7374,frames/0000000701.jpg
702,2018463850,479036937000000,320,240,7432,frames/0000000702.jpg
703,2018572377,479037046000000,320,240,7298,frames/0000000703.jpg
704,2018608046,479037218000000,320,240,7259,frames/0000000704.jpg
705,2018715994,479037312000000,320,240,7138,frames/0000000705.jpg
706,2018895990,479037343000000,320,240,7038,frames/0000000706.jpg
707,2018968220,479037406000000,320,240,6926,frames/0000000707.jpg
708,2019076080,479037515000000,320,240,7185,frames/0000000708.jpg
709,2019112306,479037593000000,320,240,7171,frames/0000000709.jpg
710,2019184176,479037703000000,320,240,7148,frames/0000000710.jpg
711,2019256171,479037781000000,320,240,7231,frames/0000000711.jpg
712,2019436455,479037859000000,320,240,7250,frames/0000000712.jpg
713,2019472462,479037937000000,320,240,7322,frames/0000000713.jpg
714,2019616525,479038031000000,320,240,7261,frames/0000000714.jpg
715,2019724481,479038187000000,320,240,7219,frames/0000000715.jpg
716,2019760719,479038250000000,320,240,7284,frames/0000000716.jpg
717,2019868535,479038343000000,320,240,7168,frames/0000000717.jpg
718,2019976597,479038453000000,320,240,7351,frames/0000000718.jpg
719,2020048630,479038515000000,320,240,7303,frames/0000000719.jpg
720,2020228730,479038656000000,320,240,7316,frames/0000000720.jpg
721,2020336776,479038765000000,320,240,7381,frames/0000000721.jpg
722,2020408932,479038859000000,320,240,7393,frames/0000000722.jpg
723,2020444953,479038890000000,320,240,7341,frames/0000000723.jpg
724,2020624855,479039031000000,320,240,6944,frames/0000000724.jpg
725,2020733044,479039109000000,320,240,7135,frames/0000000725.jpg
726,2020841222,479039265000000,320,240,7155,frames/0000000726.jpg
727,2020877178,479039359000000,320,240,7192,frames/0000000727.jpg
728,2020949089,479039500000000,320,240,7153,frames/0000000728.jpg
729,2021057070,479039562000000,320,240,6939,frames/0000000729.jpg
730,2021237168,479039656000000,320,240,6818,frames/0000000730.jpg
731,2021273305,479039703000000,320,240,6674,frames/0000000731.jpg
732,2021417291,479039859000000,320,240,6682,frames/0000000732.jpg
733,2021525297,479039968000000,320,240,7163,frames/0000000733.jpg
734,2021633355,479040062000000,320,240,6468,frames/0000000734.jpg
735,2021741502,479040140000000,320,240,7024,frames/0000000735.jpg
736,2021813654,479040250000000,320,240,7184,frames/0000000736.jpg
737,2021849670,479040296000000,320,240,7309,frames/0000000737.jpg
738,2022029758,479040656000000,320,240,7180,frames/0000000738.jpg
739,2022353718,479040781000000,320,240,6908,frames/0000000739.jpg
740,2022461765,479040859000000,320,240,7146,frames/0000000740.jpg
741,2022570009,479040937000000,320,240,7307,frames/0000000741.jpg
742,2022678079,479041046000000,320,240,7407,frames/0000000742.jpg
743,2022786106,479041203000000,320,240,7206,frames/0000000743.jpg
744,2022858160,479041265000000,320,240,7240,frames/0000000744.jpg
745,2022894210,479041390000000,320,240,7207,frames/0000000745.jpg
746,2023074152,479041500000000,320,240,7282,frames/0000000746.jpg
747,2023182206,479041593000000,320,240,7354,frames/0000000747.jpg
748,2023254361,479041703000000,320,240,7334,frames/0000000748.jpg
749,2023362297,479041796000000,320,240,7296,frames/0000000749.jpg
750,2023470340,479041828000000,320,240,7322,frames/0000000750.jpg
751,2023578505,479041921000000,320,240,7279,frames/0000000751.jpg
752,2023650554,479042078000000,320,240,7428,frames/0000000752.jpg
753,2023758491,479042125000000,320,240,7289,frames/0000000753.jpg
754,2023866540,479042328000000,320,240,7326,frames/0000000754.jpg
755,2023902692,479042375000000,320,240,7401,frames/0000000755.jpg
756,2024082646,479042421000000,320,240,7362,frames/0000000756.jpg
757,2024154788,479042546000000,320,240,7339,frames/0000000757.jpg
758,2024262740,479042656000000,320,240,7389,frames/0000000758.jpg
759,2024370888,479042781000000,320,240,7376,frames/0000000759.jpg
760,2024406912,479042859000000,320,240,7295,frames/0000000760.jpg
761,2024551002,479042953000000,320,240,7388,frames/0000000761.jpg
762,2024658934,479043015000000,320,240,7339,frames/0000000762.jpg
763,2024766984,479043203000000,320,240,7367,frames/0000000763.jpg
764,2024875145,479043296000000,320,240,7314,frames/0000000764.jpg
765,2024983095,479043312000000,320,240,7336,frames/0000000765.jpg
766,2025055264,479043500000000,320,240,7294,frames/0000000766.jpg
767,2025163185,479043593000000,320,240,7392,frames/0000000767.jpg
768,2025271232,479043687000000,320,240,7293,frames/0000000768.jpg
769,2025379405,479043796000000,320,240,7430,frames/0000000769.jpg
770,2025451454,479043859000000,320,240,7298,frames/0000000770.jpg
771,2025559386,479043953000000,320,240,7220,frames/0000000771.jpg
772,2025667367,479044093000000,320,240,7131,frames/0000000772.jpg
773,2025775538,479044140000000,320,240,6985,frames/0000000773.jpg
774,2025883609,479044296000000,320,240,6778,frames/0000000774.jpg
775,2025955643,479044312000000,320,240,6860,frames/0000000775.jpg
776,2026063580,479044484000000,320,240,6531,frames/0000000776.jpg
777,2026171740,479044531000000,320,240,6704,frames/0000000777.jpg
778,2026279805,479044687000000,320,240,7035,frames/0000000778.jpg
779,2026351922,479044781000000,320,240,7097,frames/0000000779.jpg
780,2026459771,479044875000000,320,240,6977,frames/0000000780.jpg
781,2026567821,479044921000000,320,240,6978,frames/0000000781.jpg
782,2026676044,479045093000000,320,240,7079,frames/0000000782.jpg
783,2026784008,479045125000000,320,240,7195,frames/0000000783.jpg
784,2026856156,479045484000000,320,240,7244,frames/0000000784.jpg
785,2026892203,479045546000000,320,240,7310,frames/0000000785.jpg
786,2027288367,479045656000000,320,240,7309,frames/0000000786.jpg
787,2027396430,479045812000000,320,240,7366,frames/0000000787.jpg
788,2027504356,479045843000000,320,240,7361,frames/0000000788.jpg
789,2027612500,479045968000000,320,240,7253,frames/0000000789.jpg
790,2027684560,479046078000000,320,240,7269,frames/0000000790.jpg
791,2027720593,479046156000000,320,240,7198,frames/0000000791.jpg
792,2027900551,479046328000000,320,240,7362,frames/0000000792.jpg
793,2028008542,479046359000000,320,240,6854,frames/0000000793.jpg
794,2028044663,479046531000000,320,240,6924,frames/0000000794.jpg
795,2028116593,479046625000000,320,240,7013,frames/0000000795.jpg
796,2028296788,479046718000000,320,240,6995,frames/0000000796.jpg
797,2028404734,479046765000000,320,240,6972,frames/0000000797.jpg
798,2028476877,479046890000000,320,240,7011,frames/0000000798.jpg
799,2028584906,479047000000000,320,240,7183,frames/0000000799.jpg
800,2028692944,479047046000000,320,240,7160,frames/0000000800.jpg
801,2028801012,479047218000000,320,240,7153,frames/0000000801.jpg
802,2028908995,479047250000000,320,240,7060,frames/0000000802.jpg
803,2028981417,479047406000000,320,240,7225,frames/0000000803.jpg
804,2029089175,479047515000000,320,240,7356,frames/0000000804.jpg
805,2029197200,479047625000000,320,240,7343,frames/0000000805.jpg
806,2029305246,479047703000000,320,240,7412,frames/0000000806.jpg
807,2029377391,479047812000000,320,240,7316,frames/0000000807.jpg
808,2029485357,479047921000000,320,240,7282,frames/0000000808.jpg
809,2029593664,479048015000000,320,240,7356,frames/0000000809.jpg
810,2029701457,479048125000000,320,240,7323,frames/0000000810.jpg
811,2029809511,479048203000000,320,240,7348,frames/0000000811.jpg
812,2029881658,479048312000000,320,240,7338,frames/0000000812.jpg
813,2029989528,479048390000000,320,240,7419,frames/0000000813.jpg
814,2030097660,479048468000000,320,240,7210,frames/0000000814.jpg
815,2030205731,479048578000000,320,240,7341,frames/0000000815.jpg
816,2030241822,479048656000000,320,240,7228,frames/0000000816.jpg
817,2030385798,479048750000000,320,240,7255,frames/0000000817.jpg
818,2030493857,479048890000000,320,240,6944,frames/0000000818.jpg
819,2030602023,479049031000000,320,240,7093,frames/0000000819.jpg
820,2030710093,479049093000000,320,240,7214,frames/0000000820.jpg
821,2030782112,479049140000000,320,240,7239,frames/0000000821.jpg
822,2030890062,479049296000000,320,240,7284,frames/0000000822.jpg
823,2030998100,479049343000000,320,240,7245,frames/0000000823.jpg
824,2031106263,479049500000000,320,240,7178,frames/0000000824.jpg
825,2031178342,479049609000000,320,240,7111,frames/0000000825.jpg
826,2031286184,479049703000000,320,240,6909,frames/0000000826.jpg
827,2031394225,479049734000000,320,240,6963,frames/0000000827.jpg
828,2031502384,479049859000000,320,240,7224,frames/0000000828.jpg
829,2031610429,479049953000000,320,240,7253,frames/0000000829.jpg
830,2031682563,479050078000000,320,240,7320,frames/0000000830.jpg
831,2031790490,479050140000000,320,240,7371,frames/0000000831.jpg
832,2031898681,479050265000000,320,240,7338,frames/0000000832.jpg
833,2032006734,479050390000000,320,240,7348,frames/0000000833.jpg
834,2032078743,479050484000000,320,240,7264,frames/0000000834.jpg
835,2032186629,479050562000000,320,240,6920,frames/0000000835.jpg
836,2032294858,479050656000000,320,240,7198,frames/0000000836.jpg
837,2032402820,479050750000000,320,240,7086,frames/0000000837.jpg
838,2032510995,479050890000000,320,240,7339,frames/0000000838.jpg
839,2032582995,479050937000000,320,240,7286,frames/0000000839.jpg
840,2032690970,479051109000000,320,240,7136,frames/0000000840.jpg
841,2032799017,479051218000000,320,240,7234,frames/0000000841.jpg
842,2032907062,479051265000000,320,240,7319,frames/0000000842.jpg
843,2032943188,479051359000000,320,240,7204,frames/0000000843.jpg
844,2033087403,479051515000000,320,240,7345,frames/0000000844.jpg
845,2033123300,479051593000000,320,240,7262,frames/0000000845.jpg
846,2033303252,479051656000000,320,240,7337,frames/0000000846.jpg
847,2033411297,479051796000000,320,240,7237,frames/0000000847.jpg
848,2033483452,479051859000000,320,240,7328,frames/0000000848.jpg
849,2033591412,479052015000000,320,240,7096,frames/0000000849.jpg
850,2033699371,479052062000000,320,240,7195,frames/0000000850.jpg
851,2033807493,479052156000000,320,240,7379,frames/0000000851.jpg
852,2033879647,479052250000000,320,240,7235,frames/0000000852.jpg
853,2033987591,479052359000000,320,240,7437,frames/0000000853.jpg
854,2034095647,479052468000000,320,240,7369,frames/0000000854.jpg
855,2034203680,479052609000000,320,240,7417,frames/0000000855.jpg
856,2034311739,479052687000000,320,240,7388,frames/0000000856.jpg
857,2034383902,479052781000000,320,240,7433,frames/0000000857.jpg
858,2034491839,479052890000000,320,240,7334,frames/0000000858.jpg
859,2034599890,479052937000000,320,240,7343,frames/0000000859.jpg
860,2034708065,479053078000000,320,240,7358,frames/0000000860.jpg
861,2034780108,479053187000000,320,240,7393,frames/0000000861.jpg
862,2034888047,479053250000000,320,240,7268,frames/0000000862.jpg
863,2034996108,479053343000000,320,240,7288,frames/0000000863.jpg
864,2035104281,479053437000000,320,240,7370,frames/0000000864.jpg
865,2035212292,479053546000000,320,240,7329,frames/0000000865.jpg
