device_id,session_id,sequence,device_timestamp_us,host_capture_monotonic_ns,host_received_monotonic_ns,width,height,jpeg_bytes,capture_errors,motion_score,relative_path
cam01,fusion_usb_preflight_20260819,2,2390712,638968439893900,638968468000000,320,240,6511,0,,frames/0000000002.jpg
cam01,fusion_usb_preflight_20260819,3,2498765,638968547766108,638968562000000,320,240,6667,0,0.010561138391494751,frames/0000000003.jpg
cam01,fusion_usb_preflight_20260819,4,2570737,638968619617686,638968671000000,320,240,6735,0,0.010725335218012333,frames/0000000004.jpg
cam01,fusion_usb_preflight_20260819,5,2642787,638968691547133,638968765000000,320,240,6577,0,0.00837447214871645,frames/0000000005.jpg
cam01,fusion_usb_preflight_20260819,6,2750842,638968799421338,638968875000000,320,240,6745,0,0.010032424703240395,frames/0000000006.jpg
cam01,fusion_usb_preflight_20260819,7,2858906,638968907304527,638968968000000,320,240,6688,0,0.0120505690574646,frames/0000000007.jpg
cam01,fusion_usb_preflight_20260819,8,2966944,638969015161760,638969062000000,320,240,6647,0,0.013596591539680958,frames/0000000008.jpg
cam01,fusion_usb_preflight_20260819,9,3075002,638969123038960,638969171000000,320,240,6689,0,0.013601970858871937,frames/0000000009.jpg
cam01,fusion_usb_preflight_20260819,10,3147039,638969194955429,638969265000000,320,240,6807,0,0.01297826413065195,frames/0000000010.jpg
cam01,fusion_usb_preflight_20260819,11,3255091,638969302826638,638969359000000,320,240,6557,0,0.012262578122317791,frames/0000000011.jpg
cam01,fusion_usb_preflight_20260819,12,3363212,638969410766733,638969468000000,320,240,6210,0,0.011784533970057964,frames/0000000012.jpg
cam01,fusion_usb_preflight_20260819,13,3471243,638969518616978,638969562000000,320,240,6413,0,0.011315735056996346,frames/0000000013.jpg
cam01,fusion_usb_preflight_20260819,14,3543238,638969590491517,638969671000000,320,240,6618,0,0.009794356301426888,frames/0000000014.jpg
cam01,fusion_usb_preflight_20260819,15,3651291,638969698363725,638969765000000,320,240,6719,0,0.010348396375775337,frames/0000000015.jpg
cam01,fusion_usb_preflight_20260819,16,3759344,638969806235933,638969875000000,320,240,6732,0,0.010727685876190662,frames/0000000016.jpg
cam01,fusion_usb_preflight_20260819,17,3867400,638969914111136,638969968000000,320,240,6689,0,0.008159194141626358,frames/0000000017.jpg
cam01,fusion_usb_preflight_20260819,18,3975447,638970021977354,638970062000000,320,240,6657,0,0.008040373213589191,frames/0000000018.jpg
cam01,fusion_usb_preflight_20260819,19,4047487,638970093896818,638970171000000,320,240,6739,0,0.00871510710567236,frames/0000000019.jpg
cam01,fusion_usb_preflight_20260819,20,4155540,638970201769026,638970265000000,320,240,6686,0,0.010709984228014946,frames/0000000020.jpg
cam01,fusion_usb_preflight_20260819,21,4263596,638970309644229,638970375000000,320,240,6690,0,0.012201286852359772,frames/0000000021.jpg
cam01,fusion_usb_preflight_20260819,22,4371655,638970417522427,638970468000000,320,240,6627,0,0.009317008778452873,frames/0000000022.jpg
cam01,fusion_usb_preflight_20260819,23,4443685,638970489431908,638970562000000,320,240,6714,0,0.00975709781050682,frames/0000000023.jpg
cam01,fusion_usb_preflight_20260819,24,4551744,638970597310105,638970671000000,320,240,6504,0,0.01164860837161541,frames/0000000024.jpg
cam01,fusion_usb_preflight_20260819,25,4659795,638970705180317,638970765000000,320,240,6639,0,0.010542603209614754,frames/0000000025.jpg
cam01,fusion_usb_preflight_20260819,26,4767841,638970813045536,638970875000000,320,240,6726,0,0.008202426135540009,frames/0000000026.jpg
cam01,fusion_usb_preflight_20260819,27,4839886,638970884969992,638970968000000,320,240,6632,0,0.007953260093927383,frames/0000000027.jpg
cam01,fusion_usb_preflight_20260819,28,4947939,638970992842200,638971062000000,320,240,6756,0,0.010941006243228912,frames/0000000028.jpg
cam01,fusion_usb_preflight_20260819,29,5055992,638971100714408,638971171000000,320,240,6651,0,0.010734699666500092,frames/0000000029.jpg
cam01,fusion_usb_preflight_20260819,30,5164051,638971208592606,638971265000000,320,240,6474,0,0.01195351779460907,frames/0000000030.jpg
cam01,fusion_usb_preflight_20260819,31,5272105,638971316465812,638971359000000,320,240,6562,0,0.009453925304114819,frames/0000000031.jpg
cam01,fusion_usb_preflight_20260819,32,5344135,638971388375293,638971468000000,320,240,6540,0,0.009577018208801746,frames/0000000032.jpg
cam01,fusion_usb_preflight_20260819,33,5452190,638971496249498,638971562000000,320,240,6478,0,0.00946046132594347,frames/0000000033.jpg
cam01,fusion_usb_preflight_20260819,34,5560246,638971604124701,638971671000000,320,240,6643,0,0.010104200802743435,frames/0000000034.jpg
cam01,fusion_usb_preflight_20260819,35,5668298,638971711995910,638971765000000,320,240,6657,0,0.00927178654819727,frames/0000000035.jpg
cam01,fusion_usb_preflight_20260819,36,5740328,638971783905391,638971875000000,320,240,6644,0,0.007747889030724764,frames/0000000036.jpg
cam01,fusion_usb_preflight_20260819,37,5848385,638971891781592,638971968000000,320,240,6733,0,0.009883509017527103,frames/0000000037.jpg
cam01,fusion_usb_preflight_20260819,38,5956440,638971999655797,638972062000000,320,240,6708,0,0.008273590356111526,frames/0000000038.jpg
cam01,fusion_usb_preflight_20260819,39,6064494,638972107529003,638972171000000,320,240,6641,0,0.009603860788047314,frames/0000000039.jpg
cam01,fusion_usb_preflight_20260819,40,6172543,638972215397218,638972265000000,320,240,6773,0,0.009508425369858742,frames/0000000040.jpg
cam01,fusion_usb_preflight_20260819,41,6244582,638972287315684,638972375000000,320,240,6714,0,0.007711566984653473,frames/0000000041.jpg
cam01,fusion_usb_preflight_20260819,42,6352635,638972395187892,638972468000000,320,240,6722,0,0.007943576201796532,frames/0000000042.jpg
cam01,fusion_usb_preflight_20260819,43,6460692,638972503064093,638972562000000,320,240,6783,0,0.008405976928770542,frames/0000000043.jpg
cam01,fusion_usb_preflight_20260819,44,6568738,638972610929312,638972671000000,320,240,6741,0,0.009706376120448112,frames/0000000044.jpg
cam01,fusion_usb_preflight_20260819,45,6676799,638972718809507,638972765000000,320,240,6716,0,0.008881381712853909,frames/0000000045.jpg
cam01,fusion_usb_preflight_20260819,46,6748824,638972790713996,638972875000000,320,240,6668,0,0.010063759051263332,frames/0000000046.jpg
cam01,fusion_usb_preflight_20260819,47,6856890,638972898599182,638972968000000,320,240,6451,0,0.011356225237250328,frames/0000000047.jpg
cam01,fusion_usb_preflight_20260819,48,6964952,638973006480375,638973062000000,320,240,6481,0,0.009501871652901173,frames/0000000048.jpg
cam01,fusion_usb_preflight_20260819,49,7036985,638973078392851,638973171000000,320,240,6414,0,0.010050262324512005,frames/0000000049.jpg
cam01,fusion_usb_preflight_20260819,50,7145043,638973186270051,638973265000000,320,240,6560,0,0.014193644747138023,frames/0000000050.jpg
cam01,fusion_usb_preflight_20260819,51,7253119,638973294165220,638973359000000,320,240,6418,0,0.008917891420423985,frames/0000000051.jpg
cam01,fusion_usb_preflight_20260819,52,7361147,638973402012470,638973468000000,320,240,6566,0,0.009404633194208145,frames/0000000052.jpg
cam01,fusion_usb_preflight_20260819,53,7469195,638973509879686,638973562000000,320,240,6685,0,0.011338728480041027,frames/0000000053.jpg
cam01,fusion_usb_preflight_20260819,54,7541228,638973581792162,638973671000000,320,240,6697,0,0.007813911885023117,frames/0000000054.jpg
cam01,fusion_usb_preflight_20260819,55,7649286,638973689669362,638973765000000,320,240,6654,0,0.009797198697924614,frames/0000000055.jpg
cam01,fusion_usb_preflight_20260819,56,7757338,638973797540571,638973875000000,320,240,6720,0,0.009033598937094212,frames/0000000056.jpg
cam01,fusion_usb_preflight_20260819,57,7865391,638973905412779,638973968000000,320,240,6684,0,0.008288176730275154,frames/0000000057.jpg
cam01,fusion_usb_preflight_20260819,58,7973442,638974013282991,638974062000000,320,240,6671,0,0.008779836818575859,frames/0000000058.jpg
cam01,fusion_usb_preflight_20260819,59,8045482,638974085202455,638974171000000,320,240,6734,0,0.007708928547799587,frames/0000000059.jpg
cam01,fusion_usb_preflight_20260819,60,8153534,638974193073664,638974265000000,320,240,6703,0,0.00828741304576397,frames/0000000060.jpg
cam01,fusion_usb_preflight_20260819,61,8261590,638974300948867,638974375000000,320,240,6782,0,0.008808262646198273,frames/0000000061.jpg
cam01,fusion_usb_preflight_20260819,62,8369638,638974408816084,638974468000000,320,240,6747,0,0.009575418196618557,frames/0000000062.jpg
cam01,fusion_usb_preflight_20260819,63,8441679,638974480736546,638974562000000,320,240,6732,0,0.007364651653915644,frames/0000000063.jpg
cam01,fusion_usb_preflight_20260819,64,8549729,638974588605759,638974671000000,320,240,6709,0,0.0089730741456151,frames/0000000064.jpg
cam01,fusion_usb_preflight_20260819,65,8657785,638974696480962,638974765000000,320,240,6623,0,0.009648998267948627,frames/0000000065.jpg
cam01,fusion_usb_preflight_20260819,66,8765848,638974804363153,638974859000000,320,240,6565,0,0.009803409688174725,frames/0000000066.jpg
cam01,fusion_usb_preflight_20260819,67,8873897,638974912231368,638974968000000,320,240,6586,0,0.009344089776277542,frames/0000000067.jpg
cam01,fusion_usb_preflight_20260819,68,8945931,638974984144842,638975062000000,320,240,6576,0,0.007958400063216686,frames/0000000068.jpg
cam01,fusion_usb_preflight_20260819,69,9053990,638975092023040,638975171000000,320,240,6515,0,0.009222748689353466,frames/0000000069.jpg
cam01,fusion_usb_preflight_20260819,70,9162045,638975199897244,638975265000000,320,240,6696,0,0.009650563821196556,frames/0000000070.jpg
cam01,fusion_usb_preflight_20260819,71,9270097,638975307768454,638975375000000,320,240,6752,0,0.009358542039990425,frames/0000000071.jpg
cam01,fusion_usb_preflight_20260819,72,9342122,638975379672943,638975468000000,320,240,6671,0,0.008746033534407616,frames/0000000072.jpg
cam01,fusion_usb_preflight_20260819,73,9450182,638975487552140,638975562000000,320,240,6732,0,0.008754851296544075,frames/0000000073.jpg
cam01,fusion_usb_preflight_20260819,74,9558237,638975595426344,638975671000000,320,240,6715,0,0.008577631786465645,frames/0000000074.jpg
cam01,fusion_usb_preflight_20260819,75,9666290,638975703298552,638975765000000,320,240,6726,0,0.008778339251875877,frames/0000000075.jpg
cam01,fusion_usb_preflight_20260819,76,9774346,638975811173755,638975875000000,320,240,6738,0,0.008984324522316456,frames/0000000076.jpg
cam01,fusion_usb_preflight_20260819,77,9846383,638975883090224,638975968000000,320,240,6637,0,0.008347800932824612,frames/0000000077.jpg
cam01,fusion_usb_preflight_20260819,78,9954438,638975990964429,638976062000000,320,240,6658,0,0.008455626666545868,frames/0000000078.jpg
cam01,fusion_usb_preflight_20260819,79,10062491,638976098836637,638976171000000,320,240,6664,0,0.009435167536139488,frames/0000000079.jpg
cam01,fusion_usb_preflight_20260819,80,10170538,638976206702855,638976265000000,320,240,6707,0,0.011245371773838997,frames/0000000080.jpg
cam01,fusion_usb_preflight_20260819,81,10242579,638976278623317,638976375000000,320,240,6670,0,0.008677968755364418,frames/0000000081.jpg
cam01,fusion_usb_preflight_20260819,82,10350683,638976386546440,638976468000000,320,240,6389,0,0.01046645175665617,frames/0000000082.jpg
cam01,fusion_usb_preflight_20260819,83,10458691,638976494373723,638976562000000,320,240,6489,0,0.012316636741161346,frames/0000000083.jpg
cam01,fusion_usb_preflight_20260819,84,10566737,638976602238943,638976671000000,320,240,6589,0,0.008843034505844116,frames/0000000084.jpg
cam01,fusion_usb_preflight_20260819,85,10638780,638976674161402,638976765000000,320,240,6588,0,0.009682580828666687,frames/0000000085.jpg
cam01,fusion_usb_preflight_20260819,86,10746826,638976782026622,638976875000000,320,240,6733,0,0.012668675743043423,frames/0000000086.jpg
cam01,fusion_usb_preflight_20260819,87,10854887,638976889906816,638976968000000,320,240,6621,0,0.009005650877952576,frames/0000000087.jpg
cam01,fusion_usb_preflight_20260819,88,10962938,638976997777027,638977062000000,320,240,6579,0,0.010290883481502533,frames/0000000088.jpg
cam01,fusion_usb_preflight_20260819,89,11070994,638977105652230,638977171000000,320,240,6570,0,0.010188844986259937,frames/0000000089.jpg
cam01,fusion_usb_preflight_20260819,90,11143030,638977177567701,638977265000000,320,240,6583,0,0.00924445129930973,frames/0000000090.jpg
cam01,fusion_usb_preflight_20260819,91,11251082,638977285438911,638977359000000,320,240,6493,0,0.009475831873714924,frames/0000000091.jpg
cam01,fusion_usb_preflight_20260819,92,11359191,638977393367025,638977468000000,320,240,6375,0,0.012191345915198326,frames/0000000092.jpg
cam01,fusion_usb_preflight_20260819,93,11467195,638977501190315,638977562000000,320,240,6552,0,0.010400666855275631,frames/0000000093.jpg
cam01,fusion_usb_preflight_20260819,94,11539228,638977573102791,638977671000000,320,240,6509,0,0.010353860445320606,frames/0000000094.jpg
cam01,fusion_usb_preflight_20260819,95,11647327,638977681020922,638977765000000,320,240,6447,0,0.009263037703931332,frames/0000000095.jpg
cam01,fusion_usb_preflight_20260819,96,11755337,638977788850202,638977859000000,320,240,6439,0,0.012256382964551449,frames/0000000096.jpg
cam01,fusion_usb_preflight_20260819,97,11863394,638977896726403,638977968000000,320,240,6567,0,0.010923217982053757,frames/0000000097.jpg
cam01,fusion_usb_preflight_20260819,98,11971439,638978004590624,638978062000000,320,240,6573,0,0.009501107968389988,frames/0000000098.jpg
cam01,fusion_usb_preflight_20260819,99,12043482,638978076513083,638978171000000,320,240,6434,0,0.010855494067072868,frames/0000000099.jpg
cam01,fusion_usb_preflight_20260819,100,12151536,638978184386290,638978265000000,320,240,6475,0,0.011982076801359653,frames/0000000100.jpg
cam01,fusion_usb_preflight_20260819,101,12259588,638978292257499,638978359000000,320,240,6643,0,0.009280909784138203,frames/0000000101.jpg
cam01,fusion_usb_preflight_20260819,102,12367632,638978400120722,638978468000000,320,240,6553,0,0.010715345852077007,frames/0000000102.jpg
cam01,fusion_usb_preflight_20260819,103,12439678,638978472046176,638978562000000,320,240,6722,0,0.010631569661200047,frames/0000000103.jpg
cam01,fusion_usb_preflight_20260819,104,12547728,638978579915389,638978671000000,320,240,6670,0,0.012652438133955002,frames/0000000104.jpg
cam01,fusion_usb_preflight_20260819,105,12655787,638978687793587,638978765000000,320,240,6468,0,0.010676232166588306,frames/0000000105.jpg
cam01,fusion_usb_preflight_20260819,106,12763837,638978795662800,638978859000000,320,240,6560,0,0.012950264848768711,frames/0000000106.jpg
cam01,fusion_usb_preflight_20260819,107,12871946,638978903590914,638978968000000,320,240,6334,0,0.010833809152245522,frames/0000000107.jpg
cam01,fusion_usb_preflight_20260819,108,12943968,638978975492409,638979062000000,320,240,6330,0,0.010901330038905144,frames/0000000108.jpg
cam01,fusion_usb_preflight_20260819,109,13052035,638979083378593,638979171000000,320,240,6443,0,0.009725268930196762,frames/0000000109.jpg
cam01,fusion_usb_preflight_20260819,110,13160094,638979191256791,638979265000000,320,240,6341,0,0.009504919871687889,frames/0000000110.jpg
cam01,fusion_usb_preflight_20260819,111,13268094,638979299076088,638979359000000,320,240,6496,0,0.010261677205562592,frames/0000000111.jpg
cam01,fusion_usb_preflight_20260819,112,13340125,638979370986567,638979468000000,320,240,6475,0,0.009367578662931919,frames/0000000112.jpg
cam01,fusion_usb_preflight_20260819,113,13448180,638979478860772,638979562000000,320,240,6579,0,0.0099547253921628,frames/0000000113.jpg
cam01,fusion_usb_preflight_20260819,114,13556234,638979586733978,638979671000000,320,240,6585,0,0.009724094532430172,frames/0000000114.jpg
cam01,fusion_usb_preflight_20260819,115,13664286,638979694605187,638979765000000,320,240,6696,0,0.009364633820950985,frames/0000000115.jpg
cam01,fusion_usb_preflight_20260819,116,13772335,638979802473402,638979875000000,320,240,6677,0,0.00905926525592804,frames/0000000116.jpg
cam01,fusion_usb_preflight_20260819,117,13844373,638979874390870,638979968000000,320,240,6702,0,0.008219822309911251,frames/0000000117.jpg
cam01,fusion_usb_preflight_20260819,118,13952427,638979982264076,638980062000000,320,240,6750,0,0.008566994220018387,frames/0000000118.jpg
cam01,fusion_usb_preflight_20260819,119,14060483,638980090139279,638980171000000,320,240,6720,0,0.007878506556153297,frames/0000000119.jpg
cam01,fusion_usb_preflight_20260819,120,14168530,638980198005497,638980265000000,320,240,6702,0,0.008083894848823547,frames/0000000120.jpg
cam01,fusion_usb_preflight_20260819,121,14240577,638980269931949,638980359000000,320,240,6643,0,0.008301316760480404,frames/0000000121.jpg
cam01,fusion_usb_preflight_20260819,122,14348626,638980377800164,638980468000000,320,240,6683,0,0.008893297053873539,frames/0000000122.jpg
cam01,fusion_usb_preflight_20260819,123,14456681,638980485674368,638980562000000,320,240,6771,0,0.01009882241487503,frames/0000000123.jpg
cam01,fusion_usb_preflight_20260819,124,14564728,638980593540586,638980671000000,320,240,6727,0,0.009222135879099369,frames/0000000124.jpg
cam01,fusion_usb_preflight_20260819,125,14672794,638980701425773,638980765000000,320,240,6716,0,0.008393330499529839,frames/0000000125.jpg
cam01,fusion_usb_preflight_20260819,126,14744818,638980773329264,638980875000000,320,240,6728,0,0.007139501627534628,frames/0000000126.jpg
cam01,fusion_usb_preflight_20260819,127,14852874,638980881204466,638980968000000,320,240,6733,0,0.007507472299039364,frames/0000000127.jpg
cam01,fusion_usb_preflight_20260819,128,14960932,638980989081666,638981062000000,320,240,6688,0,0.008538416586816311,frames/0000000128.jpg
cam01,fusion_usb_preflight_20260819,129,15068984,638981096952876,638981171000000,320,240,6753,0,0.011643416248261929,frames/0000000129.jpg
cam01,fusion_usb_preflight_20260819,130,15141018,638981168866350,638981265000000,320,240,6653,0,0.008521394804120064,frames/0000000130.jpg
cam01,fusion_usb_preflight_20260819,131,15249077,638981276744548,638981375000000,320,240,6681,0,0.008883577771484852,frames/0000000131.jpg
cam01,fusion_usb_preflight_20260819,132,15357128,638981384614759,638981468000000,320,240,6656,0,0.009040577337145805,frames/0000000132.jpg
cam01,fusion_usb_preflight_20260819,133,15465183,638981492488964,638981562000000,320,240,6691,0,0.00888488907366991,frames/0000000133.jpg
cam01,fusion_usb_preflight_20260819,134,15573232,638981600357178,638981671000000,320,240,6768,0,0.010223924182355404,frames/0000000134.jpg
cam01,fusion_usb_preflight_20260819,135,15645272,638981672276642,638981765000000,320,240,6720,0,0.008395085111260414,frames/0000000135.jpg
cam01,fusion_usb_preflight_20260819,136,15753326,638981780149849,638981875000000,320,240,6747,0,0.008684247732162476,frames/0000000136.jpg
cam01,fusion_usb_preflight_20260819,137,15861380,638981888023055,638981968000000,320,240,6768,0,0.01206963136792183,frames/0000000137.jpg
cam01,fusion_usb_preflight_20260819,138,15969428,638981995890271,638982062000000,320,240,6765,0,0.009112659841775894,frames/0000000138.jpg
cam01,fusion_usb_preflight_20260819,139,16041470,638982067811732,638982171000000,320,240,6685,0,0.008792193606495857,frames/0000000139.jpg
cam01,fusion_usb_preflight_20260819,140,16149524,638982175684938,638982265000000,320,240,6697,0,0.00874892808496952,frames/0000000140.jpg
cam01,fusion_usb_preflight_20260819,141,16257581,638982283561140,638982375000000,320,240,6690,0,0.008429109118878841,frames/0000000141.jpg
cam01,fusion_usb_preflight_20260819,142,16365628,638982391427358,638982468000000,320,240,6727,0,0.008595297113060951,frames/0000000142.jpg
cam01,fusion_usb_preflight_20260819,143,16473686,638982499304557,638982562000000,320,240,6702,0,0.008247089572250843,frames/0000000143.jpg
cam01,fusion_usb_preflight_20260819,144,16545718,638982571216035,638982671000000,320,240,6693,0,0.007143144495785236,frames/0000000144.jpg
cam01,fusion_usb_preflight_20260819,145,16653773,638982679090239,638982765000000,320,240,6679,0,0.008176572620868683,frames/0000000145.jpg
cam01,fusion_usb_preflight_20260819,146,16761828,638982786964444,638982875000000,320,240,6675,0,0.008267105557024479,frames/0000000146.jpg
cam01,fusion_usb_preflight_20260819,147,16869885,638982894840645,638982968000000,320,240,6695,0,0.008335697464644909,frames/0000000147.jpg
cam01,fusion_usb_preflight_20260819,148,16941915,638982966750126,638983062000000,320,240,6718,0,0.00834798812866211,frames/0000000148.jpg
cam01,fusion_usb_preflight_20260819,149,17049973,638983074627326,638983171000000,320,240,6694,0,0.009268604218959808,frames/0000000149.jpg
cam01,fusion_usb_preflight_20260819,150,17158033,638983182506522,638983265000000,320,240,6723,0,0.008307034149765968,frames/0000000150.jpg
cam01,fusion_usb_preflight_20260819,151,17266082,638983290374736,638983375000000,320,240,6706,0,0.008883681148290634,frames/0000000151.jpg
cam01,fusion_usb_preflight_20260819,152,17374133,638983398244948,638983468000000,320,240,6690,0,0.009988987818360329,frames/0000000152.jpg
