host_monotonic_ns,t_ms,ax_g,ay_g,az_g,gx_dps,gy_dps,gz_dps,schema_version,device_id,session_id,sequence,device_timestamp_us,host_capture_monotonic_ns
638968421000000,8844,-0.66,-0.182,-0.734,-0.09,0.03,-0.01,1,imu01,fusion_usb_preflight_20260819,154,8844126,638968407657370
638968437000000,8864,-0.665,-0.181,-0.725,0.15,-0.08,0.01,1,imu01,fusion_usb_preflight_20260819,155,8864129,638968427657109
638968453000000,8884,-0.661,-0.177,-0.726,0.2,0.06,-0.2,1,imu01,fusion_usb_preflight_20260819,156,8884129,638968447653848
638968484000000,8904,-0.656,-0.181,-0.728,-0.14,0.17,-0.08,1,imu01,fusion_usb_preflight_20260819,157,8904129,638968467650587
638968500000000,8924,-0.658,-0.18,-0.732,-0.15,0.04,-0.06,1,imu01,fusion_usb_preflight_20260819,158,8924129,638968487647326
638968515000000,8944,-0.659,-0.176,-0.73,-0.25,0.2,0.01,1,imu01,fusion_usb_preflight_20260819,159,8944129,638968507644065
638968531000000,8964,-0.654,-0.183,-0.732,0.17,-0.07,0.08,1,imu01,fusion_usb_preflight_20260819,160,8964129,638968527640804
638968562000000,8984,-0.659,-0.183,-0.737,0.06,0.03,-0.05,1,imu01,fusion_usb_preflight_20260819,161,8984129,638968547637543
638968578000000,9004,-0.658,-0.177,-0.736,-0.04,-0.04,-0.01,1,imu01,fusion_usb_preflight_20260819,162,9004129,638968567634282
638968593000000,9024,-0.66,-0.18,-0.732,-0.05,0.09,0.05,1,imu01,fusion_usb_preflight_20260819,163,9024129,638968587631021
638968625000000,9044,-0.658,-0.18,-0.724,-0.16,-0.08,0.06,1,imu01,fusion_usb_preflight_20260819,164,9044129,638968607627760
638968640000000,9064,-0.661,-0.181,-0.729,0.2,-0.04,-0.09,1,imu01,fusion_usb_preflight_20260819,165,9064129,638968627624499
638968656000000,9084,-0.659,-0.181,-0.73,0.39,-0.12,-0.08,1,imu01,fusion_usb_preflight_20260819,166,9084129,638968647621238
638968671000000,9104,-0.659,-0.18,-0.724,0.17,-0.08,0.04,1,imu01,fusion_usb_preflight_20260819,167,9104129,638968667617977
638968703000000,9124,-0.661,-0.177,-0.734,-0.51,0.12,0.17,1,imu01,fusion_usb_preflight_20260819,168,9124129,638968687614716
638968718000000,9144,-0.656,-0.175,-0.727,0.38,-0.05,-0.1,1,imu01,fusion_usb_preflight_20260819,169,9144129,638968707611455
638968734000000,9164,-0.657,-0.182,-0.731,-0.16,0.07,0.01,1,imu01,fusion_usb_preflight_20260819,170,9164129,638968727608194
638968750000000,9184,-0.657,-0.181,-0.735,0.17,-0.2,0.04,1,imu01,fusion_usb_preflight_20260819,171,9184129,638968747604933
638968781000000,9204,-0.661,-0.179,-0.731,-0.09,0.03,-0.01,1,imu01,fusion_usb_preflight_20260819,172,9204129,638968767601672
638968796000000,9224,-0.66,-0.181,-0.722,-0.01,0.01,0.05,1,imu01,fusion_usb_preflight_20260819,173,9224129,638968787598411
638968812000000,9244,-0.658,-0.18,-0.737,-0.02,0.08,-0.14,1,imu01,fusion_usb_preflight_20260819,174,9244129,638968807595150
638968843000000,9264,-0.658,-0.178,-0.728,0.11,-0.16,-0.01,1,imu01,fusion_usb_preflight_20260819,175,9264129,638968827591889
638968859000000,9284,-0.658,-0.18,-0.725,-0.09,0.04,0.09,1,imu01,fusion_usb_preflight_20260819,176,9284129,638968847588628
638968875000000,9304,-0.66,-0.179,-0.727,-0.12,0.03,0.03,1,imu01,fusion_usb_preflight_20260819,177,9304129,638968867585367
638968890000000,9324,-0.66,-0.185,-0.725,0.01,0.09,-0.11,1,imu01,fusion_usb_preflight_20260819,178,9324129,638968887582106
638968921000000,9344,-0.661,-0.177,-0.733,0.1,0.0,-0.09,1,imu01,fusion_usb_preflight_20260819,179,9344129,638968907578845
638968937000000,9364,-0.659,-0.178,-0.727,0.3,-0.08,-0.08,1,imu01,fusion_usb_preflight_20260819,180,9364126,638968927572585
638968953000000,9384,-0.664,-0.181,-0.732,-0.0,0.12,-0.09,1,imu01,fusion_usb_preflight_20260819,181,9384129,638968947572323
638968984000000,9404,-0.661,-0.184,-0.734,-0.35,0.34,0.01,1,imu01,fusion_usb_preflight_20260819,182,9404129,638968967569062
638969000000000,9424,-0.659,-0.182,-0.726,-0.1,0.18,0.02,1,imu01,fusion_usb_preflight_20260819,183,9424129,638968987565801
638969015000000,9444,-0.661,-0.179,-0.731,-0.15,0.02,0.09,1,imu01,fusion_usb_preflight_20260819,184,9444129,638969007562540
638969031000000,9464,-0.658,-0.181,-0.729,0.07,0.05,-0.16,1,imu01,fusion_usb_preflight_20260819,185,9464129,638969027559280
638969062000000,9484,-0.659,-0.182,-0.734,0.18,-0.14,-0.01,1,imu01,fusion_usb_preflight_20260819,186,9484129,638969047556018
638969078000000,9504,-0.661,-0.18,-0.732,0.09,0.06,-0.04,1,imu01,fusion_usb_preflight_20260819,187,9504129,638969067552758
638969093000000,9524,-0.662,-0.181,-0.732,-0.05,0.02,0.09,1,imu01,fusion_usb_preflight_20260819,188,9524129,638969087549496
638969109000000,9544,-0.663,-0.178,-0.732,-0.04,-0.06,0.06,1,imu01,fusion_usb_preflight_20260819,189,9544129,638969107546236
638969140000000,9564,-0.658,-0.183,-0.725,-0.1,0.01,-0.07,1,imu01,fusion_usb_preflight_20260819,190,9564129,638969127542974
638969156000000,9584,-0.66,-0.178,-0.731,0.04,-0.14,-0.07,1,imu01,fusion_usb_preflight_20260819,191,9584129,638969147539714
638969171000000,9604,-0.66,-0.184,-0.729,0.01,-0.03,0.12,1,imu01,fusion_usb_preflight_20260819,192,9604129,638969167536452
638969203000000,9624,-0.659,-0.182,-0.736,0.08,-0.11,0.1,1,imu01,fusion_usb_preflight_20260819,193,9624129,638969187533192
638969218000000,9644,-0.662,-0.178,-0.73,-0.13,0.1,0.02,1,imu01,fusion_usb_preflight_20260819,194,9644129,638969207529931
638969234000000,9664,-0.66,-0.18,-0.734,0.26,-0.23,-0.17,1,imu01,fusion_usb_preflight_20260819,195,9664129,638969227526670
638969250000000,9684,-0.657,-0.185,-0.733,-0.03,0.09,-0.04,1,imu01,fusion_usb_preflight_20260819,196,9684129,638969247523409
638969281000000,9704,-0.659,-0.178,-0.732,0.35,-0.17,-0.05,1,imu01,fusion_usb_preflight_20260819,197,9704129,638969267520148
638969296000000,9724,-0.659,-0.177,-0.733,0.03,0.04,-0.03,1,imu01,fusion_usb_preflight_20260819,198,9724129,638969287516887
638969312000000,9744,-0.658,-0.185,-0.732,0.46,-0.29,-0.08,1,imu01,fusion_usb_preflight_20260819,199,9744129,638969307513626
638969343000000,9764,-0.664,-0.179,-0.726,-0.27,0.15,-0.04,1,imu01,fusion_usb_preflight_20260819,200,9764129,638969327510365
638969359000000,9784,-0.662,-0.181,-0.734,0.42,-0.25,-0.25,1,imu01,fusion_usb_preflight_20260819,201,9784129,638969347507104
638969375000000,9804,-0.662,-0.185,-0.729,-0.06,0.13,-0.01,1,imu01,fusion_usb_preflight_20260819,202,9804129,638969367503843
638969390000000,9824,-0.661,-0.18,-0.73,-0.2,0.21,0.07,1,imu01,fusion_usb_preflight_20260819,203,9824129,638969387500582
638969421000000,9844,-0.663,-0.18,-0.727,0.03,0.08,-0.08,1,imu01,fusion_usb_preflight_20260819,204,9844129,638969407497321
638969437000000,9864,-0.662,-0.175,-0.73,-0.28,0.27,0.12,1,imu01,fusion_usb_preflight_20260819,205,9864129,638969427494060
638969453000000,9884,-0.66,-0.177,-0.726,0.05,-0.08,0.02,1,imu01,fusion_usb_preflight_20260819,206,9884129,638969447490799
638969484000000,9904,-0.661,-0.181,-0.732,0.23,-0.05,-0.11,1,imu01,fusion_usb_preflight_20260819,207,9904129,638969467487538
638969500000000,9924,-0.662,-0.183,-0.729,-0.18,0.11,0.1,1,imu01,fusion_usb_preflight_20260819,208,9924129,638969487484277
638969515000000,9944,-0.659,-0.185,-0.724,-0.38,0.14,0.1,1,imu01,fusion_usb_preflight_20260819,209,9944129,638969507481016
638969531000000,9964,-0.661,-0.187,-0.732,0.2,-0.23,0.02,1,imu01,fusion_usb_preflight_20260819,210,9964129,638969527477755
638969562000000,9984,-0.659,-0.178,-0.731,-0.41,0.18,0.16,1,imu01,fusion_usb_preflight_20260819,211,9984129,638969547474494
638969578000000,10004,-0.661,-0.183,-0.722,0.2,-0.16,0.04,1,imu01,fusion_usb_preflight_20260819,212,10004129,638969567471233
638969593000000,10024,-0.661,-0.179,-0.729,-0.16,0.02,0.05,1,imu01,fusion_usb_preflight_20260819,213,10024129,638969587467972
638969625000000,10044,-0.661,-0.185,-0.726,0.39,-0.2,-0.06,1,imu01,fusion_usb_preflight_20260819,214,10044129,638969607464711
638969640000000,10064,-0.657,-0.182,-0.731,-0.28,0.11,0.18,1,imu01,fusion_usb_preflight_20260819,215,10064129,638969627461450
638969656000000,10084,-0.66,-0.181,-0.724,0.32,-0.09,0.01,1,imu01,fusion_usb_preflight_20260819,216,10084129,638969647458189
638969671000000,10104,-0.657,-0.179,-0.737,0.01,-0.09,0.03,1,imu01,fusion_usb_preflight_20260819,217,10104129,638969667454928
638969703000000,10124,-0.659,-0.178,-0.725,-0.03,-0.06,-0.01,1,imu01,fusion_usb_preflight_20260819,218,10124126,638969687448667
638969718000000,10144,-0.662,-0.178,-0.729,0.15,-0.14,-0.15,1,imu01,fusion_usb_preflight_20260819,219,10144129,638969707448406
638969734000000,10164,-0.66,-0.186,-0.727,-0.1,-0.02,-0.08,1,imu01,fusion_usb_preflight_20260819,220,10164129,638969727445145
638969750000000,10184,-0.656,-0.184,-0.727,0.1,-0.14,-0.01,1,imu01,fusion_usb_preflight_20260819,221,10184129,638969747441884
638969781000000,10204,-0.656,-0.185,-0.729,0.38,-0.11,-0.2,1,imu01,fusion_usb_preflight_20260819,222,10204129,638969767438623
638969796000000,10224,-0.653,-0.183,-0.73,-0.41,0.22,0.16,1,imu01,fusion_usb_preflight_20260819,223,10224129,638969787435362
638969812000000,10244,-0.66,-0.18,-0.724,-0.04,0.14,0.04,1,imu01,fusion_usb_preflight_20260819,224,10244129,638969807432101
638969843000000,10264,-0.657,-0.18,-0.726,-0.37,0.18,0.18,1,imu01,fusion_usb_preflight_20260819,225,10264129,638969827428840
638969859000000,10284,-0.661,-0.183,-0.73,-0.13,0.12,0.05,1,imu01,fusion_usb_preflight_20260819,226,10284129,638969847425579
638969875000000,10304,-0.658,-0.179,-0.728,0.27,-0.11,-0.1,1,imu01,fusion_usb_preflight_20260819,227,10304129,638969867422318
638969890000000,10324,-0.659,-0.181,-0.736,0.08,-0.04,-0.05,1,imu01,fusion_usb_preflight_20260819,228,10324129,638969887419057
638969921000000,10344,-0.661,-0.184,-0.729,0.15,0.02,-0.15,1,imu01,fusion_usb_preflight_20260819,229,10344129,638969907415796
638969937000000,10364,-0.658,-0.178,-0.729,-0.35,0.38,0.17,1,imu01,fusion_usb_preflight_20260819,230,10364129,638969927412535
638969953000000,10384,-0.661,-0.182,-0.727,-0.07,0.03,0.08,1,imu01,fusion_usb_preflight_20260819,231,10384129,638969947409274
638969984000000,10404,-0.658,-0.181,-0.74,0.11,-0.16,-0.05,1,imu01,fusion_usb_preflight_20260819,232,10404129,638969967406013
638970000000000,10424,-0.661,-0.179,-0.734,0.21,0.02,-0.13,1,imu01,fusion_usb_preflight_20260819,233,10424129,638969987402752
638970015000000,10444,-0.658,-0.178,-0.728,-0.21,0.09,0.25,1,imu01,fusion_usb_preflight_20260819,234,10444129,638970007399491
638970031000000,10464,-0.66,-0.18,-0.729,0.2,-0.24,-0.06,1,imu01,fusion_usb_preflight_20260819,235,10464129,638970027396230
638970062000000,10484,-0.659,-0.179,-0.73,-0.38,-0.02,0.14,1,imu01,fusion_usb_preflight_20260819,236,10484129,638970047392969
638970078000000,10504,-0.659,-0.18,-0.728,0.16,-0.05,-0.01,1,imu01,fusion_usb_preflight_20260819,237,10504129,638970067389708
638970093000000,10524,-0.66,-0.184,-0.727,-0.18,-0.04,0.08,1,imu01,fusion_usb_preflight_20260819,238,10524129,638970087386447
638970109000000,10544,-0.663,-0.181,-0.732,-0.09,-0.09,0.12,1,imu01,fusion_usb_preflight_20260819,239,10544129,638970107383186
638970140000000,10564,-0.664,-0.178,-0.733,-0.0,0.02,0.03,1,imu01,fusion_usb_preflight_20260819,240,10564129,638970127379925
638970156000000,10584,-0.661,-0.178,-0.731,0.08,-0.07,0.07,1,imu01,fusion_usb_preflight_20260819,241,10584129,638970147376664
638970171000000,10604,-0.659,-0.182,-0.732,-0.2,-0.02,0.05,1,imu01,fusion_usb_preflight_20260819,242,10604129,638970167373403
638970203000000,10624,-0.659,-0.181,-0.724,0.13,-0.11,-0.01,1,imu01,fusion_usb_preflight_20260819,243,10624129,638970187370142
638970218000000,10644,-0.657,-0.178,-0.732,0.04,0.05,-0.06,1,imu01,fusion_usb_preflight_20260819,244,10644129,638970207366881
638970234000000,10664,-0.657,-0.184,-0.724,0.07,-0.13,-0.15,1,imu01,fusion_usb_preflight_20260819,245,10664129,638970227363620
638970250000000,10684,-0.661,-0.18,-0.727,0.14,-0.04,-0.11,1,imu01,fusion_usb_preflight_20260819,246,10684129,638970247360359
638970281000000,10704,-0.658,-0.182,-0.724,0.2,-0.01,0.01,1,imu01,fusion_usb_preflight_20260819,247,10704129,638970267357098
638970296000000,10724,-0.664,-0.179,-0.732,0.05,0.12,-0.08,1,imu01,fusion_usb_preflight_20260819,248,10724129,638970287353837
638970312000000,10744,-0.66,-0.18,-0.726,-0.15,0.24,0.02,1,imu01,fusion_usb_preflight_20260819,249,10744129,638970307350576
638970343000000,10764,-0.659,-0.181,-0.723,0.1,-0.09,-0.1,1,imu01,fusion_usb_preflight_20260819,250,10764129,638970327347315
638970359000000,10784,-0.658,-0.176,-0.726,-0.09,0.05,0.12,1,imu01,fusion_usb_preflight_20260819,251,10784129,638970347344054
638970375000000,10804,-0.658,-0.182,-0.721,0.13,-0.05,0.0,1,imu01,fusion_usb_preflight_20260819,252,10804129,638970367340793
638970390000000,10824,-0.656,-0.177,-0.727,-0.38,0.32,0.05,1,imu01,fusion_usb_preflight_20260819,253,10824129,638970387337532
638970421000000,10844,-0.66,-0.18,-0.729,0.16,-0.08,-0.26,1,imu01,fusion_usb_preflight_20260819,254,10844129,638970407334271
638970437000000,10864,-0.66,-0.184,-0.727,-0.19,0.16,-0.06,1,imu01,fusion_usb_preflight_20260819,255,10864129,638970427331010
638970453000000,10884,-0.661,-0.18,-0.728,-0.02,-0.04,0.14,1,imu01,fusion_usb_preflight_20260819,256,10884129,638970447327750
638970484000000,10904,-0.659,-0.183,-0.726,0.04,0.04,0.04,1,imu01,fusion_usb_preflight_20260819,257,10904129,638970467324488
638970500000000,10924,-0.663,-0.184,-0.735,-0.11,0.0,0.02,1,imu01,fusion_usb_preflight_20260819,258,10924129,638970487321228
638970515000000,10944,-0.661,-0.18,-0.729,0.15,-0.08,-0.02,1,imu01,fusion_usb_preflight_20260819,259,10944129,638970507317966
638970531000000,10964,-0.667,-0.185,-0.726,-0.13,0.04,0.07,1,imu01,fusion_usb_preflight_20260819,260,10964129,638970527314706
638970562000000,10984,-0.662,-0.182,-0.733,-0.07,-0.05,-0.06,1,imu01,fusion_usb_preflight_20260819,261,10984129,638970547311444
638970578000000,11004,-0.664,-0.181,-0.726,0.01,-0.08,0.04,1,imu01,fusion_usb_preflight_20260819,262,11004129,638970567308184
638970593000000,11024,-0.658,-0.182,-0.726,-0.02,-0.01,0.15,1,imu01,fusion_usb_preflight_20260819,263,11024129,638970587304922
638970625000000,11044,-0.666,-0.185,-0.731,0.26,-0.16,-0.06,1,imu01,fusion_usb_preflight_20260819,264,11044129,638970607301662
638970640000000,11064,-0.662,-0.182,-0.727,0.1,-0.14,-0.01,1,imu01,fusion_usb_preflight_20260819,265,11064129,638970627298401
638970656000000,11084,-0.663,-0.179,-0.727,-0.1,0.15,0.03,1,imu01,fusion_usb_preflight_20260819,266,11084129,638970647295140
638970671000000,11104,-0.663,-0.18,-0.729,0.04,-0.1,0.01,1,imu01,fusion_usb_preflight_20260819,267,11104129,638970667291879
638970703000000,11124,-0.658,-0.184,-0.733,-0.06,-0.04,0.02,1,imu01,fusion_usb_preflight_20260819,268,11124129,638970687288618
638970718000000,11144,-0.659,-0.183,-0.733,-0.16,-0.01,0.05,1,imu01,fusion_usb_preflight_20260819,269,11144129,638970707285357
638970734000000,11164,-0.657,-0.182,-0.725,-0.16,0.18,-0.02,1,imu01,fusion_usb_preflight_20260819,270,11164129,638970727282096
638970750000000,11184,-0.659,-0.184,-0.73,0.02,0.06,-0.04,1,imu01,fusion_usb_preflight_20260819,271,11184129,638970747278835
638970781000000,11204,-0.657,-0.178,-0.735,0.04,0.0,-0.01,1,imu01,fusion_usb_preflight_20260819,272,11204129,638970767275574
638970796000000,11224,-0.659,-0.181,-0.727,0.04,0.09,-0.05,1,imu01,fusion_usb_preflight_20260819,273,11224129,638970787272313
638970812000000,11244,-0.662,-0.179,-0.731,-0.12,0.15,0.02,1,imu01,fusion_usb_preflight_20260819,274,11244129,638970807269052
638970843000000,11264,-0.66,-0.18,-0.726,-0.09,0.07,-0.08,1,imu01,fusion_usb_preflight_20260819,275,11264129,638970827265791
638970859000000,11284,-0.658,-0.183,-0.723,-0.06,0.01,0.06,1,imu01,fusion_usb_preflight_20260819,276,11284129,638970847262530
638970875000000,11304,-0.659,-0.178,-0.731,-0.19,0.15,0.0,1,imu01,fusion_usb_preflight_20260819,277,11304129,638970867259269
638970890000000,11324,-0.661,-0.181,-0.721,-0.17,0.09,0.12,1,imu01,fusion_usb_preflight_20260819,278,11324129,638970887256008
638970921000000,11344,-0.662,-0.176,-0.731,-0.04,-0.08,0.06,1,imu01,fusion_usb_preflight_20260819,279,11344129,638970907252747
638970937000000,11364,-0.662,-0.179,-0.735,0.1,-0.04,-0.07,1,imu01,fusion_usb_preflight_20260819,280,11364129,638970927249486
638970953000000,11384,-0.662,-0.18,-0.734,0.11,0.02,-0.11,1,imu01,fusion_usb_preflight_20260819,281,11384129,638970947246225
638970984000000,11404,-0.656,-0.187,-0.73,-0.03,-0.08,0.1,1,imu01,fusion_usb_preflight_20260819,282,11404129,638970967242964
638971000000000,11424,-0.661,-0.179,-0.731,-0.0,0.04,0.09,1,imu01,fusion_usb_preflight_20260819,283,11424129,638970987239703
638971015000000,11444,-0.664,-0.182,-0.73,0.04,-0.04,0.09,1,imu01,fusion_usb_preflight_20260819,284,11444129,638971007236442
638971031000000,11464,-0.662,-0.187,-0.733,-0.06,0.0,0.06,1,imu01,fusion_usb_preflight_20260819,285,11464129,638971027233181
638971062000000,11484,-0.659,-0.179,-0.732,0.01,-0.14,0.02,1,imu01,fusion_usb_preflight_20260819,286,11484129,638971047229920
638971078000000,11504,-0.662,-0.178,-0.731,0.14,-0.16,0.01,1,imu01,fusion_usb_preflight_20260819,287,11504129,638971067226659
638971093000000,11524,-0.656,-0.184,-0.732,0.08,0.06,0.03,1,imu01,fusion_usb_preflight_20260819,288,11524129,638971087223398
638971125000000,11544,-0.659,-0.183,-0.727,-0.02,-0.08,0.13,1,imu01,fusion_usb_preflight_20260819,289,11544129,638971107220137
638971140000000,11564,-0.663,-0.184,-0.729,-0.12,0.06,0.02,1,imu01,fusion_usb_preflight_20260819,290,11564129,638971127216876
638971156000000,11584,-0.662,-0.181,-0.734,0.14,-0.14,0.02,1,imu01,fusion_usb_preflight_20260819,291,11584129,638971147213615
638971171000000,11604,-0.664,-0.183,-0.727,-0.1,0.19,-0.04,1,imu01,fusion_usb_preflight_20260819,292,11604129,638971167210354
638971203000000,11624,-0.664,-0.179,-0.728,0.12,0.02,-0.09,1,imu01,fusion_usb_preflight_20260819,293,11624129,638971187207093
638971218000000,11644,-0.661,-0.177,-0.725,0.01,-0.01,0.0,1,imu01,fusion_usb_preflight_20260819,294,11644129,638971207203832
638971234000000,11664,-0.661,-0.179,-0.735,0.1,0.02,-0.01,1,imu01,fusion_usb_preflight_20260819,295,11664129,638971227200571
638971250000000,11684,-0.663,-0.179,-0.725,-0.12,0.12,-0.04,1,imu01,fusion_usb_preflight_20260819,296,11684129,638971247197310
638971281000000,11704,-0.663,-0.182,-0.736,0.12,-0.01,-0.15,1,imu01,fusion_usb_preflight_20260819,297,11704129,638971267194049
638971296000000,11724,-0.663,-0.182,-0.728,0.2,-0.14,-0.04,1,imu01,fusion_usb_preflight_20260819,298,11724129,638971287190788
638971312000000,11744,-0.661,-0.183,-0.727,0.07,0.06,0.0,1,imu01,fusion_usb_preflight_20260819,299,11744129,638971307187527
638971343000000,11764,-0.661,-0.181,-0.726,0.11,0.21,-0.03,1,imu01,fusion_usb_preflight_20260819,300,11764129,638971327184266
638971359000000,11784,-0.662,-0.185,-0.731,-0.34,0.1,0.07,1,imu01,fusion_usb_preflight_20260819,301,11784129,638971347181005
638971375000000,11804,-0.654,-0.177,-0.731,0.18,-0.16,-0.19,1,imu01,fusion_usb_preflight_20260819,302,11804129,638971367177744
638971390000000,11824,-0.66,-0.181,-0.732,0.16,-0.08,-0.24,1,imu01,fusion_usb_preflight_20260819,303,11824129,638971387174483
638971421000000,11844,-0.66,-0.18,-0.73,-0.23,0.15,0.05,1,imu01,fusion_usb_preflight_20260819,304,11844129,638971407171222
638971437000000,11864,-0.658,-0.183,-0.735,0.15,-0.03,0.04,1,imu01,fusion_usb_preflight_20260819,305,11864129,638971427167961
638971453000000,11884,-0.659,-0.179,-0.722,-0.25,-0.04,0.15,1,imu01,fusion_usb_preflight_20260819,306,11884129,638971447164700
638971484000000,11904,-0.665,-0.182,-0.729,0.01,-0.01,0.0,1,imu01,fusion_usb_preflight_20260819,307,11904129,638971467161439
638971500000000,11924,-0.66,-0.178,-0.731,-0.25,-0.06,0.1,1,imu01,fusion_usb_preflight_20260819,308,11924129,638971487158178
638971515000000,11944,-0.662,-0.178,-0.732,0.11,-0.11,-0.02,1,imu01,fusion_usb_preflight_20260819,309,11944129,638971507154917
638971531000000,11964,-0.659,-0.181,-0.734,0.16,-0.07,-0.07,1,imu01,fusion_usb_preflight_20260819,310,11964129,638971527151656
638971562000000,11984,-0.659,-0.183,-0.729,0.1,-0.04,0.05,1,imu01,fusion_usb_preflight_20260819,311,11984129,638971547148395
638971578000000,12004,-0.66,-0.18,-0.734,0.25,-0.11,-0.13,1,imu01,fusion_usb_preflight_20260819,312,12004129,638971567145134
638971593000000,12024,-0.657,-0.183,-0.73,-0.23,0.15,0.07,1,imu01,fusion_usb_preflight_20260819,313,12024129,638971587141873
638971625000000,12044,-0.661,-0.181,-0.727,0.07,0.02,-0.09,1,imu01,fusion_usb_preflight_20260819,314,12044129,638971607138612
638971640000000,12064,-0.655,-0.183,-0.73,0.01,-0.1,0.1,1,imu01,fusion_usb_preflight_20260819,315,12064129,638971627135351
638971656000000,12084,-0.663,-0.183,-0.726,0.04,-0.08,0.02,1,imu01,fusion_usb_preflight_20260819,316,12084129,638971647132090
638971671000000,12104,-0.659,-0.182,-0.731,-0.25,0.18,0.22,1,imu01,fusion_usb_preflight_20260819,317,12104129,638971667128829
638971703000000,12124,-0.663,-0.179,-0.73,-0.14,0.15,0.02,1,imu01,fusion_usb_preflight_20260819,318,12124126,638971687122569
638971718000000,12144,-0.661,-0.18,-0.73,0.05,-0.07,-0.06,1,imu01,fusion_usb_preflight_20260819,319,12144129,638971707122307
638971734000000,12164,-0.66,-0.179,-0.734,0.14,-0.01,-0.11,1,imu01,fusion_usb_preflight_20260819,320,12164129,638971727119046
638971750000000,12184,-0.661,-0.182,-0.727,-0.12,0.09,-0.08,1,imu01,fusion_usb_preflight_20260819,321,12184129,638971747115785
638971781000000,12204,-0.659,-0.184,-0.732,-0.09,0.16,-0.06,1,imu01,fusion_usb_preflight_20260819,322,12204129,638971767112524
638971796000000,12224,-0.658,-0.181,-0.731,-0.0,0.12,0.03,1,imu01,fusion_usb_preflight_20260819,323,12224129,638971787109263
638971812000000,12244,-0.658,-0.181,-0.727,0.16,-0.06,-0.03,1,imu01,fusion_usb_preflight_20260819,324,12244129,638971807106002
638971843000000,12264,-0.664,-0.183,-0.732,-0.08,0.05,0.01,1,imu01,fusion_usb_preflight_20260819,325,12264129,638971827102741
638971859000000,12284,-0.659,-0.178,-0.735,-0.06,-0.02,-0.04,1,imu01,fusion_usb_preflight_20260819,326,12284129,638971847099480
638971875000000,12304,-0.662,-0.182,-0.731,-0.0,0.05,-0.04,1,imu01,fusion_usb_preflight_20260819,327,12304129,638971867096220
638971890000000,12324,-0.665,-0.181,-0.728,0.04,0.03,-0.03,1,imu01,fusion_usb_preflight_20260819,328,12324129,638971887092958
638971921000000,12344,-0.663,-0.182,-0.731,-0.1,0.09,0.0,1,imu01,fusion_usb_preflight_20260819,329,12344129,638971907089698
638971937000000,12364,-0.658,-0.185,-0.73,0.06,-0.12,-0.02,1,imu01,fusion_usb_preflight_20260819,330,12364129,638971927086436
638971953000000,12384,-0.662,-0.18,-0.729,0.1,-0.1,-0.02,1,imu01,fusion_usb_preflight_20260819,331,12384129,638971947083176
638971984000000,12404,-0.658,-0.181,-0.725,0.01,0.02,-0.01,1,imu01,fusion_usb_preflight_20260819,332,12404129,638971967079914
638972000000000,12424,-0.66,-0.184,-0.735,0.01,0.09,-0.06,1,imu01,fusion_usb_preflight_20260819,333,12424129,638971987076654
638972015000000,12444,-0.655,-0.182,-0.727,0.04,-0.02,-0.04,1,imu01,fusion_usb_preflight_20260819,334,12444129,638972007073392
638972031000000,12464,-0.658,-0.183,-0.729,-0.12,0.0,-0.01,1,imu01,fusion_usb_preflight_20260819,335,12464129,638972027070132
638972062000000,12484,-0.661,-0.18,-0.723,0.01,0.0,0.08,1,imu01,fusion_usb_preflight_20260819,336,12484129,638972047066871
638972078000000,12504,-0.662,-0.18,-0.732,0.04,-0.06,0.01,1,imu01,fusion_usb_preflight_20260819,337,12504129,638972067063610
638972093000000,12524,-0.657,-0.18,-0.727,-0.12,-0.08,-0.03,1,imu01,fusion_usb_preflight_20260819,338,12524129,638972087060349
638972109000000,12544,-0.662,-0.182,-0.731,-0.1,-0.06,0.06,1,imu01,fusion_usb_preflight_20260819,339,12544129,638972107057088
638972140000000,12564,-0.663,-0.182,-0.734,-0.06,0.05,-0.04,1,imu01,fusion_usb_preflight_20260819,340,12564129,638972127053827
638972156000000,12584,-0.66,-0.184,-0.73,-0.08,0.04,-0.03,1,imu01,fusion_usb_preflight_20260819,341,12584129,638972147050566
638972171000000,12604,-0.659,-0.179,-0.731,-0.16,0.13,0.03,1,imu01,fusion_usb_preflight_20260819,342,12604129,638972167047305
638972203000000,12624,-0.659,-0.175,-0.731,0.04,-0.05,0.09,1,imu01,fusion_usb_preflight_20260819,343,12624129,638972187044044
638972218000000,12644,-0.661,-0.184,-0.729,-0.1,0.16,0.01,1,imu01,fusion_usb_preflight_20260819,344,12644129,638972207040783
638972234000000,12664,-0.659,-0.181,-0.73,0.01,0.06,-0.01,1,imu01,fusion_usb_preflight_20260819,345,12664129,638972227037522
638972250000000,12684,-0.661,-0.178,-0.726,0.04,0.05,-0.04,1,imu01,fusion_usb_preflight_20260819,346,12684129,638972247034261
638972281000000,12704,-0.659,-0.182,-0.727,-0.02,0.02,0.02,1,imu01,fusion_usb_preflight_20260819,347,12704129,638972267031000
638972296000000,12724,-0.658,-0.181,-0.726,0.08,0.06,-0.09,1,imu01,fusion_usb_preflight_20260819,348,12724129,638972287027739
638972312000000,12744,-0.662,-0.178,-0.732,-0.06,0.12,0.02,1,imu01,fusion_usb_preflight_20260819,349,12744129,638972307024478
638972343000000,12764,-0.659,-0.185,-0.725,0.15,0.01,-0.06,1,imu01,fusion_usb_preflight_20260819,350,12764129,638972327021217
638972359000000,12784,-0.662,-0.182,-0.734,-0.19,0.18,0.0,1,imu01,fusion_usb_preflight_20260819,351,12784129,638972347017956
638972375000000,12804,-0.662,-0.183,-0.728,-0.1,0.02,0.12,1,imu01,fusion_usb_preflight_20260819,352,12804129,638972367014695
638972390000000,12824,-0.662,-0.178,-0.728,-0.15,0.02,0.13,1,imu01,fusion_usb_preflight_20260819,353,12824129,638972387011434
638972421000000,12844,-0.661,-0.18,-0.729,0.06,-0.01,-0.01,1,imu01,fusion_usb_preflight_20260819,354,12844129,638972407008173
638972437000000,12864,-0.658,-0.175,-0.732,0.11,0.03,-0.09,1,imu01,fusion_usb_preflight_20260819,355,12864129,638972427004912
638972453000000,12884,-0.664,-0.177,-0.732,0.2,-0.06,-0.09,1,imu01,fusion_usb_preflight_20260819,356,12884129,638972447001651
638972484000000,12904,-0.659,-0.183,-0.732,0.07,-0.04,-0.08,1,imu01,fusion_usb_preflight_20260819,357,12904129,638972466998390
638972500000000,12924,-0.663,-0.18,-0.726,-0.02,-0.09,0.03,1,imu01,fusion_usb_preflight_20260819,358,12924129,638972486995129
638972515000000,12944,-0.661,-0.184,-0.736,0.04,-0.08,0.15,1,imu01,fusion_usb_preflight_20260819,359,12944129,638972506991868
638972531000000,12964,-0.662,-0.179,-0.73,-0.09,0.04,0.02,1,imu01,fusion_usb_preflight_20260819,360,12964129,638972526988607
638972562000000,12984,-0.659,-0.181,-0.728,0.14,-0.13,-0.13,1,imu01,fusion_usb_preflight_20260819,361,12984129,638972546985346
638972578000000,13004,-0.662,-0.183,-0.731,0.03,0.02,-0.05,1,imu01,fusion_usb_preflight_20260819,362,13004129,638972566982085
638972593000000,13024,-0.665,-0.177,-0.727,0.21,-0.04,0.01,1,imu01,fusion_usb_preflight_20260819,363,13024129,638972586978824
638972625000000,13044,-0.66,-0.179,-0.729,0.1,-0.12,-0.04,1,imu01,fusion_usb_preflight_20260819,364,13044129,638972606975563
638972640000000,13064,-0.662,-0.176,-0.72,-0.17,0.15,0.08,1,imu01,fusion_usb_preflight_20260819,365,13064129,638972626972302
638972656000000,13084,-0.656,-0.178,-0.724,0.72,-0.25,-0.33,1,imu01,fusion_usb_preflight_20260819,366,13084129,638972646969041
638972671000000,13104,-0.658,-0.178,-0.727,0.24,-0.04,-0.12,1,imu01,fusion_usb_preflight_20260819,367,13104129,638972666965780
638972703000000,13124,-0.662,-0.181,-0.721,0.46,-0.1,-0.18,1,imu01,fusion_usb_preflight_20260819,368,13124129,638972686962519
638972718000000,13144,-0.656,-0.182,-0.731,-0.58,0.28,0.09,1,imu01,fusion_usb_preflight_20260819,369,13144129,638972706959258
638972734000000,13164,-0.662,-0.181,-0.727,-0.25,0.12,-0.03,1,imu01,fusion_usb_preflight_20260819,370,13164129,638972726955997
638972750000000,13184,-0.66,-0.178,-0.731,-0.28,0.21,-0.01,1,imu01,fusion_usb_preflight_20260819,371,13184129,638972746952736
638972781000000,13204,-0.661,-0.185,-0.732,-0.06,0.06,-0.1,1,imu01,fusion_usb_preflight_20260819,372,13204129,638972766949475
638972796000000,13224,-0.66,-0.176,-0.727,0.02,0.09,-0.04,1,imu01,fusion_usb_preflight_20260819,373,13224129,638972786946214
638972812000000,13244,-0.662,-0.185,-0.728,0.02,-0.12,-0.01,1,imu01,fusion_usb_preflight_20260819,374,13244129,638972806942953
638972843000000,13264,-0.662,-0.184,-0.731,-0.15,0.11,0.09,1,imu01,fusion_usb_preflight_20260819,375,13264129,638972826939692
638972859000000,13284,-0.659,-0.184,-0.727,0.14,-0.08,-0.1,1,imu01,fusion_usb_preflight_20260819,376,13284129,638972846936431
638972875000000,13304,-0.659,-0.178,-0.73,0.2,-0.14,-0.08,1,imu01,fusion_usb_preflight_20260819,377,13304129,638972866933170
638972890000000,13324,-0.66,-0.18,-0.73,-0.28,0.09,0.17,1,imu01,fusion_usb_preflight_20260819,378,13324129,638972886929909
638972921000000,13344,-0.662,-0.181,-0.732,0.21,-0.19,-0.11,1,imu01,fusion_usb_preflight_20260819,379,13344129,638972906926648
638972937000000,13364,-0.657,-0.177,-0.733,-0.12,0.02,0.02,1,imu01,fusion_usb_preflight_20260819,380,13364129,638972926923387
638972953000000,13384,-0.661,-0.179,-0.733,-0.03,0.05,0.1,1,imu01,fusion_usb_preflight_20260819,381,13384129,638972946920126
638972984000000,13404,-0.661,-0.18,-0.722,-0.2,0.1,0.09,1,imu01,fusion_usb_preflight_20260819,382,13404129,638972966916865
638973000000000,13424,-0.66,-0.184,-0.732,0.25,-0.14,-0.04,1,imu01,fusion_usb_preflight_20260819,383,13424129,638972986913604
638973015000000,13444,-0.66,-0.182,-0.733,0.21,-0.17,-0.04,1,imu01,fusion_usb_preflight_20260819,384,13444129,638973006910343
638973031000000,13464,-0.657,-0.18,-0.731,0.39,-0.24,-0.01,1,imu01,fusion_usb_preflight_20260819,385,13464129,638973026907082
638973062000000,13484,-0.66,-0.18,-0.727,-0.12,0.06,0.04,1,imu01,fusion_usb_preflight_20260819,386,13484129,638973046903821
638973078000000,13504,-0.659,-0.182,-0.727,0.05,-0.01,-0.03,1,imu01,fusion_usb_preflight_20260819,387,13504129,638973066900560
638973093000000,13524,-0.66,-0.181,-0.734,0.14,-0.06,-0.06,1,imu01,fusion_usb_preflight_20260819,388,13524129,638973086897299
638973109000000,13544,-0.655,-0.179,-0.734,-0.53,0.21,0.19,1,imu01,fusion_usb_preflight_20260819,389,13544129,638973106894038
638973140000000,13564,-0.657,-0.181,-0.728,-0.24,0.16,0.12,1,imu01,fusion_usb_preflight_20260819,390,13564129,638973126890777
638973156000000,13584,-0.658,-0.182,-0.728,0.32,-0.1,-0.08,1,imu01,fusion_usb_preflight_20260819,391,13584129,638973146887516
638973171000000,13604,-0.659,-0.182,-0.723,-0.41,0.15,0.03,1,imu01,fusion_usb_preflight_20260819,392,13604129,638973166884255
638973203000000,13624,-0.655,-0.179,-0.726,0.02,-0.02,0.02,1,imu01,fusion_usb_preflight_20260819,393,13624129,638973186880994
638973218000000,13644,-0.658,-0.176,-0.723,0.26,-0.05,-0.03,1,imu01,fusion_usb_preflight_20260819,394,13644129,638973206877733
638973234000000,13664,-0.66,-0.186,-0.733,-0.28,0.21,0.05,1,imu01,fusion_usb_preflight_20260819,395,13664129,638973226874472
638973265000000,13684,-0.655,-0.184,-0.721,0.15,0.01,-0.06,1,imu01,fusion_usb_preflight_20260819,396,13684129,638973246871211
638973281000000,13704,-0.662,-0.19,-0.719,-0.06,-0.01,0.06,1,imu01,fusion_usb_preflight_20260819,397,13704129,638973266867950
638973296000000,13724,-0.656,-0.17,-0.723,-0.12,0.06,-0.01,1,imu01,fusion_usb_preflight_20260819,398,13724129,638973286864690
638973312000000,13744,-0.664,-0.182,-0.737,-0.07,0.07,-0.04,1,imu01,fusion_usb_preflight_20260819,399,13744129,638973306861428
638973343000000,13764,-0.671,-0.177,-0.722,-0.0,-0.03,-0.04,1,imu01,fusion_usb_preflight_20260819,400,13764129,638973326858168
638973359000000,13784,-0.658,-0.176,-0.729,0.11,-0.03,-0.09,1,imu01,fusion_usb_preflight_20260819,401,13784129,638973346854906
638973375000000,13804,-0.661,-0.18,-0.726,0.1,0.01,-0.09,1,imu01,fusion_usb_preflight_20260819,402,13804129,638973366851646
638973390000000,13824,-0.661,-0.188,-0.718,0.15,-0.06,-0.13,1,imu01,fusion_usb_preflight_20260819,403,13824129,638973386848384
638973421000000,13844,-0.656,-0.181,-0.717,-0.09,0.02,0.02,1,imu01,fusion_usb_preflight_20260819,404,13844129,638973406845124
638973437000000,13864,-0.652,-0.191,-0.725,0.17,-0.23,-0.06,1,imu01,fusion_usb_preflight_20260819,405,13864129,638973426841862
638973453000000,13884,-0.665,-0.181,-0.728,-0.04,-0.04,0.02,1,imu01,fusion_usb_preflight_20260819,406,13884129,638973446838602
638973484000000,13904,-0.657,-0.179,-0.721,-0.1,0.05,0.15,1,imu01,fusion_usb_preflight_20260819,407,13904129,638973466835341
638973500000000,13924,-0.661,-0.173,-0.721,0.02,-0.04,-0.01,1,imu01,fusion_usb_preflight_20260819,408,13924129,638973486832080
638973515000000,13944,-0.653,-0.186,-0.734,-0.09,-0.03,0.04,1,imu01,fusion_usb_preflight_20260819,409,13944129,638973506828819
638973531000000,13964,-0.663,-0.185,-0.718,0.04,-0.11,0.03,1,imu01,fusion_usb_preflight_20260819,410,13964129,638973526825558
638973562000000,13984,-0.661,-0.174,-0.722,-0.08,0.05,0.09,1,imu01,fusion_usb_preflight_20260819,411,13984129,638973546822297
638973578000000,14004,-0.658,-0.183,-0.719,-0.03,0.05,0.05,1,imu01,fusion_usb_preflight_20260819,412,14004129,638973566819036
638973593000000,14024,-0.658,-0.168,-0.73,-0.12,-0.04,-0.04,1,imu01,fusion_usb_preflight_20260819,413,14024129,638973586815775
638973625000000,14044,-0.653,-0.186,-0.73,0.18,-0.13,-0.1,1,imu01,fusion_usb_preflight_20260819,414,14044129,638973606812514
638973640000000,14064,-0.666,-0.173,-0.736,0.39,-0.19,-0.14,1,imu01,fusion_usb_preflight_20260819,415,14064129,638973626809253
638973656000000,14084,-0.655,-0.188,-0.73,-0.32,0.2,0.1,1,imu01,fusion_usb_preflight_20260819,416,14084129,638973646805992
638973671000000,14104,-0.651,-0.187,-0.714,0.12,-0.04,-0.06,1,imu01,fusion_usb_preflight_20260819,417,14104129,638973666802731
638973703000000,14124,-0.658,-0.17,-0.74,-0.17,0.16,0.01,1,imu01,fusion_usb_preflight_20260819,418,14124126,638973686796470
638973718000000,14144,-0.664,-0.171,-0.721,-0.18,0.12,0.05,1,imu01,fusion_usb_preflight_20260819,419,14144129,638973706796209
638973734000000,14164,-0.668,-0.189,-0.721,-0.35,0.12,0.05,1,imu01,fusion_usb_preflight_20260819,420,14164129,638973726792948
638973765000000,14184,-0.668,-0.17,-0.719,0.06,0.05,-0.04,1,imu01,fusion_usb_preflight_20260819,421,14184129,638973746789687
638973781000000,14204,-0.656,-0.19,-0.739,-0.03,0.03,-0.03,1,imu01,fusion_usb_preflight_20260819,422,14204129,638973766786426
638973796000000,14224,-0.661,-0.181,-0.716,-0.03,0.02,0.05,1,imu01,fusion_usb_preflight_20260819,423,14224129,638973786783165
638973812000000,14244,-0.66,-0.187,-0.731,-0.16,0.08,0.01,1,imu01,fusion_usb_preflight_20260819,424,14244129,638973806779904
638973843000000,14264,-0.666,-0.179,-0.729,-0.06,0.02,-0.02,1,imu01,fusion_usb_preflight_20260819,425,14264129,638973826776643
638973859000000,14284,-0.66,-0.172,-0.717,0.15,-0.01,0.07,1,imu01,fusion_usb_preflight_20260819,426,14284129,638973846773382
638973875000000,14304,-0.664,-0.175,-0.714,-0.0,0.01,0.04,1,imu01,fusion_usb_preflight_20260819,427,14304129,638973866770121
638973890000000,14324,-0.667,-0.187,-0.716,-0.12,-0.07,0.01,1,imu01,fusion_usb_preflight_20260819,428,14324129,638973886766860
638973921000000,14344,-0.669,-0.172,-0.722,0.19,-0.04,-0.03,1,imu01,fusion_usb_preflight_20260819,429,14344129,638973906763599
638973937000000,14364,-0.651,-0.178,-0.723,-0.19,0.06,0.0,1,imu01,fusion_usb_preflight_20260819,430,14364129,638973926760338
638973953000000,14384,-0.669,-0.166,-0.72,-0.01,-0.09,-0.09,1,imu01,fusion_usb_preflight_20260819,431,14384129,638973946757077
638973984000000,14404,-0.665,-0.187,-0.723,0.04,-0.08,-0.01,1,imu01,fusion_usb_preflight_20260819,432,14404129,638973966753816
638974000000000,14424,-0.667,-0.168,-0.727,-0.14,-0.08,0.09,1,imu01,fusion_usb_preflight_20260819,433,14424129,638973986750555
638974015000000,14444,-0.661,-0.165,-0.718,0.29,-0.24,0.05,1,imu01,fusion_usb_preflight_20260819,434,14444129,638974006747294
638974031000000,14464,-0.661,-0.182,-0.721,-0.07,-0.06,0.04,1,imu01,fusion_usb_preflight_20260819,435,14464129,638974026744033
638974062000000,14484,-0.668,-0.183,-0.732,-0.03,-0.04,-0.14,1,imu01,fusion_usb_preflight_20260819,436,14484129,638974046740772
638974078000000,14504,-0.671,-0.185,-0.718,0.04,0.02,-0.04,1,imu01,fusion_usb_preflight_20260819,437,14504129,638974066737511
638974093000000,14524,-0.663,-0.181,-0.704,0.33,-0.15,-0.12,1,imu01,fusion_usb_preflight_20260819,438,14524129,638974086734250
638974125000000,14544,-0.661,-0.191,-0.722,-0.23,0.15,0.1,1,imu01,fusion_usb_preflight_20260819,439,14544129,638974106730989
638974140000000,14564,-0.659,-0.194,-0.73,0.2,-0.03,-0.16,1,imu01,fusion_usb_preflight_20260819,440,14564129,638974126727728
638974156000000,14584,-0.665,-0.189,-0.724,-0.25,0.18,-0.03,1,imu01,fusion_usb_preflight_20260819,441,14584129,638974146724467
638974171000000,14604,-0.659,-0.192,-0.725,-0.24,0.08,-0.01,1,imu01,fusion_usb_preflight_20260819,442,14604129,638974166721206
638974203000000,14624,-0.659,-0.18,-0.72,0.29,-0.12,-0.12,1,imu01,fusion_usb_preflight_20260819,443,14624129,638974186717945
638974218000000,14644,-0.665,-0.186,-0.719,0.03,0.07,0.06,1,imu01,fusion_usb_preflight_20260819,444,14644129,638974206714684
638974234000000,14664,-0.666,-0.171,-0.709,-0.06,0.15,-0.04,1,imu01,fusion_usb_preflight_20260819,445,14664129,638974226711423
638974265000000,14684,-0.664,-0.175,-0.739,0.24,-0.02,-0.1,1,imu01,fusion_usb_preflight_20260819,446,14684129,638974246708162
638974281000000,14704,-0.65,-0.181,-0.719,-0.32,0.2,0.01,1,imu01,fusion_usb_preflight_20260819,447,14704129,638974266704901
638974296000000,14724,-0.669,-0.203,-0.716,0.23,-0.02,-0.08,1,imu01,fusion_usb_preflight_20260819,448,14724129,638974286701640
638974312000000,14744,-0.656,-0.185,-0.706,0.21,0.0,0.02,1,imu01,fusion_usb_preflight_20260819,449,14744129,638974306698379
638974343000000,14764,-0.675,-0.196,-0.701,-0.02,-0.05,-0.04,1,imu01,fusion_usb_preflight_20260819,450,14764129,638974326695118
638974359000000,14784,-0.661,-0.191,-0.73,-0.45,0.18,0.17,1,imu01,fusion_usb_preflight_20260819,451,14784129,638974346691857
638974375000000,14804,-0.683,-0.184,-0.715,-0.16,0.12,-0.02,1,imu01,fusion_usb_preflight_20260819,452,14804129,638974366688596
638974390000000,14824,-0.673,-0.183,-0.728,0.17,-0.23,-0.01,1,imu01,fusion_usb_preflight_20260819,453,14824129,638974386685335
638974421000000,14844,-0.666,-0.194,-0.705,0.06,-0.08,0.08,1,imu01,fusion_usb_preflight_20260819,454,14844129,638974406682074
638974437000000,14864,-0.651,-0.183,-0.712,-0.3,0.14,0.16,1,imu01,fusion_usb_preflight_20260819,455,14864129,638974426678813
638974453000000,14884,-0.669,-0.183,-0.707,-0.14,0.08,0.07,1,imu01,fusion_usb_preflight_20260819,456,14884129,638974446675552
638974484000000,14904,-0.647,-0.191,-0.735,0.4,-0.17,-0.11,1,imu01,fusion_usb_preflight_20260819,457,14904129,638974466672291
638974500000000,14924,-0.671,-0.176,-0.714,-0.43,0.18,0.2,1,imu01,fusion_usb_preflight_20260819,458,14924129,638974486669030
638974515000000,14944,-0.674,-0.182,-0.725,0.01,0.01,0.04,1,imu01,fusion_usb_preflight_20260819,459,14944129,638974506665769
638974531000000,14964,-0.65,-0.183,-0.718,0.01,-0.05,0.08,1,imu01,fusion_usb_preflight_20260819,460,14964129,638974526662508
638974562000000,14984,-0.67,-0.197,-0.722,0.05,-0.11,0.02,1,imu01,fusion_usb_preflight_20260819,461,14984129,638974546659247
638974578000000,15004,-0.645,-0.181,-0.715,-0.16,-0.1,-0.05,1,imu01,fusion_usb_preflight_20260819,462,15004129,638974566655986
638974593000000,15024,-0.667,-0.181,-0.714,-0.07,0.04,-0.02,1,imu01,fusion_usb_preflight_20260819,463,15024129,638974586652725
638974625000000,15044,-0.654,-0.188,-0.731,-0.16,0.05,0.03,1,imu01,fusion_usb_preflight_20260819,464,15044129,638974606649464
638974640000000,15064,-0.664,-0.194,-0.704,0.04,-0.04,-0.01,1,imu01,fusion_usb_preflight_20260819,465,15064129,638974626646203
638974656000000,15084,-0.676,-0.174,-0.716,0.08,-0.11,-0.02,1,imu01,fusion_usb_preflight_20260819,466,15084129,638974646642942
638974671000000,15104,-0.665,-0.181,-0.694,-0.09,0.12,-0.07,1,imu01,fusion_usb_preflight_20260819,467,15104129,638974666639681
638974703000000,15124,-0.673,-0.18,-0.706,-0.03,0.02,-0.01,1,imu01,fusion_usb_preflight_20260819,468,15124129,638974686636420
638974718000000,15144,-0.673,-0.168,-0.703,-0.06,0.02,-0.04,1,imu01,fusion_usb_preflight_20260819,469,15144129,638974706633160
638974734000000,15164,-0.652,-0.185,-0.713,-0.03,0.05,-0.06,1,imu01,fusion_usb_preflight_20260819,470,15164129,638974726629898
638974750000000,15184,-0.649,-0.175,-0.709,0.23,-0.01,-0.12,1,imu01,fusion_usb_preflight_20260819,471,15184129,638974746626638
638974781000000,15204,-0.678,-0.184,-0.713,-0.1,0.09,0.01,1,imu01,fusion_usb_preflight_20260819,472,15204129,638974766623376
638974796000000,15224,-0.653,-0.179,-0.726,0.22,-0.09,-0.13,1,imu01,fusion_usb_preflight_20260819,473,15224129,638974786620116
638974812000000,15244,-0.662,-0.182,-0.708,-0.01,0.09,-0.08,1,imu01,fusion_usb_preflight_20260819,474,15244129,638974806616854
638974843000000,15264,-0.654,-0.17,-0.718,-0.32,0.17,0.14,1,imu01,fusion_usb_preflight_20260819,475,15264129,638974826613594
638974859000000,15284,-0.66,-0.194,-0.713,-0.19,0.17,0.01,1,imu01,fusion_usb_preflight_20260819,476,15284129,638974846610332
638974875000000,15304,-0.659,-0.176,-0.719,0.15,-0.24,0.09,1,imu01,fusion_usb_preflight_20260819,477,15304129,638974866607072
638974890000000,15324,-0.665,-0.178,-0.714,-0.06,0.03,0.02,1,imu01,fusion_usb_preflight_20260819,478,15324129,638974886603811
638974921000000,15344,-0.679,-0.179,-0.718,0.28,-0.22,-0.05,1,imu01,fusion_usb_preflight_20260819,479,15344129,638974906600550
638974937000000,15364,-0.657,-0.181,-0.709,0.18,-0.05,-0.11,1,imu01,fusion_usb_preflight_20260819,480,15364129,638974926597289
638974953000000,15384,-0.654,-0.185,-0.72,0.07,0.0,0.14,1,imu01,fusion_usb_preflight_20260819,481,15384129,638974946594028
638974984000000,15404,-0.648,-0.178,-0.718,-0.01,-0.03,0.12,1,imu01,fusion_usb_preflight_20260819,482,15404129,638974966590767
638975000000000,15424,-0.658,-0.191,-0.722,-0.01,-0.01,0.05,1,imu01,fusion_usb_preflight_20260819,483,15424129,638974986587506
638975015000000,15444,-0.666,-0.189,-0.718,0.01,-0.12,0.05,1,imu01,fusion_usb_preflight_20260819,484,15444129,638975006584245
638975031000000,15464,-0.667,-0.18,-0.718,-0.26,0.22,0.05,1,imu01,fusion_usb_preflight_20260819,485,15464129,638975026580984
638975062000000,15484,-0.671,-0.183,-0.712,0.03,-0.01,0.05,1,imu01,fusion_usb_preflight_20260819,486,15484129,638975046577723
638975078000000,15504,-0.663,-0.174,-0.719,-0.03,-0.07,-0.03,1,imu01,fusion_usb_preflight_20260819,487,15504129,638975066574462
638975093000000,15524,-0.67,-0.179,-0.726,-0.2,0.02,-0.04,1,imu01,fusion_usb_preflight_20260819,488,15524129,638975086571201
638975125000000,15544,-0.668,-0.191,-0.712,0.03,0.13,-0.14,1,imu01,fusion_usb_preflight_20260819,489,15544129,638975106567940
638975140000000,15564,-0.671,-0.18,-0.72,0.05,-0.13,-0.05,1,imu01,fusion_usb_preflight_20260819,490,15564129,638975126564679
638975156000000,15584,-0.657,-0.18,-0.725,-0.18,0.02,0.02,1,imu01,fusion_usb_preflight_20260819,491,15584129,638975146561418
638975171000000,15604,-0.656,-0.185,-0.715,-0.15,0.1,0.09,1,imu01,fusion_usb_preflight_20260819,492,15604129,638975166558157
638975203000000,15624,-0.666,-0.177,-0.715,-0.02,0.16,-0.04,1,imu01,fusion_usb_preflight_20260819,493,15624129,638975186554896
638975218000000,15644,-0.666,-0.182,-0.723,-0.18,0.2,0.05,1,imu01,fusion_usb_preflight_20260819,494,15644129,638975206551635
638975234000000,15664,-0.67,-0.179,-0.7,0.16,-0.03,-0.03,1,imu01,fusion_usb_preflight_20260819,495,15664129,638975226548374
638975250000000,15684,-0.678,-0.176,-0.717,0.03,0.12,-0.01,1,imu01,fusion_usb_preflight_20260819,496,15684129,638975246545113
638975281000000,15704,-0.666,-0.191,-0.714,-0.06,0.15,-0.03,1,imu01,fusion_usb_preflight_20260819,497,15704129,638975266541852
638975296000000,15724,-0.67,-0.178,-0.723,0.07,-0.04,-0.07,1,imu01,fusion_usb_preflight_20260819,498,15724129,638975286538591
638975312000000,15744,-0.662,-0.176,-0.713,0.01,0.01,-0.09,1,imu01,fusion_usb_preflight_20260819,499,15744129,638975306535330
638975343000000,15764,-0.669,-0.179,-0.723,0.01,0.05,0.03,1,imu01,fusion_usb_preflight_20260819,500,15764129,638975326532069
638975359000000,15784,-0.665,-0.182,-0.71,0.3,-0.24,0.07,1,imu01,fusion_usb_preflight_20260819,501,15784129,638975346528808
638975375000000,15804,-0.661,-0.184,-0.722,-0.06,0.05,-0.05,1,imu01,fusion_usb_preflight_20260819,502,15804129,638975366525547
638975390000000,15824,-0.671,-0.179,-0.719,0.33,-0.24,-0.08,1,imu01,fusion_usb_preflight_20260819,503,15824129,638975386522286
638975421000000,15844,-0.66,-0.18,-0.711,0.46,-0.14,-0.06,1,imu01,fusion_usb_preflight_20260819,504,15844129,638975406519025
638975437000000,15864,-0.659,-0.19,-0.713,-0.1,-0.11,-0.02,1,imu01,fusion_usb_preflight_20260819,505,15864129,638975426515764
638975453000000,15884,-0.658,-0.186,-0.726,-0.54,0.15,0.07,1,imu01,fusion_usb_preflight_20260819,506,15884129,638975446512503
638975484000000,15904,-0.655,-0.171,-0.727,0.3,-0.17,-0.02,1,imu01,fusion_usb_preflight_20260819,507,15904129,638975466509242
638975500000000,15924,-0.666,-0.185,-0.715,0.59,-0.37,-0.08,1,imu01,fusion_usb_preflight_20260819,508,15924129,638975486505981
638975515000000,15944,-0.665,-0.18,-0.735,-0.01,0.07,0.04,1,imu01,fusion_usb_preflight_20260819,509,15944129,638975506502720
638975531000000,15964,-0.653,-0.174,-0.717,-0.03,0.03,0.02,1,imu01,fusion_usb_preflight_20260819,510,15964129,638975526499459
638975562000000,15984,-0.651,-0.181,-0.737,-0.03,-0.01,-0.04,1,imu01,fusion_usb_preflight_20260819,511,15984129,638975546496198
638975578000000,16004,-0.664,-0.181,-0.73,-0.1,0.09,0.02,1,imu01,fusion_usb_preflight_20260819,512,16004129,638975566492937
638975593000000,16024,-0.655,-0.179,-0.732,0.05,-0.03,-0.07,1,imu01,fusion_usb_preflight_20260819,513,16024129,638975586489676
638975625000000,16044,-0.666,-0.179,-0.71,-0.24,0.1,0.09,1,imu01,fusion_usb_preflight_20260819,514,16044129,638975606486415
638975640000000,16064,-0.665,-0.177,-0.724,0.06,0.01,-0.1,1,imu01,fusion_usb_preflight_20260819,515,16064129,638975626483154
638975656000000,16084,-0.649,-0.18,-0.729,-0.12,-0.06,-0.15,1,imu01,fusion_usb_preflight_20260819,516,16084129,638975646479893
638975671000000,16104,-0.657,-0.185,-0.721,-0.22,-0.01,0.1,1,imu01,fusion_usb_preflight_20260819,517,16104129,638975666476632
638975703000000,16124,-0.663,-0.187,-0.71,-0.05,0.18,0.05,1,imu01,fusion_usb_preflight_20260819,518,16124126,638975686470372
638975718000000,16144,-0.659,-0.177,-0.71,0.08,0.05,0.02,1,imu01,fusion_usb_preflight_20260819,519,16144129,638975706470110
638975734000000,16164,-0.66,-0.186,-0.72,-0.28,0.19,-0.06,1,imu01,fusion_usb_preflight_20260819,520,16164129,638975726466849
638975765000000,16184,-0.66,-0.177,-0.722,-0.03,-0.06,0.04,1,imu01,fusion_usb_preflight_20260819,521,16184129,638975746463588
638975781000000,16204,-0.657,-0.183,-0.726,-0.03,0.05,-0.11,1,imu01,fusion_usb_preflight_20260819,522,16204129,638975766460327
638975796000000,16224,-0.659,-0.182,-0.729,-0.25,0.09,0.19,1,imu01,fusion_usb_preflight_20260819,523,16224129,638975786457066
638975812000000,16244,-0.668,-0.176,-0.726,-0.01,0.12,0.0,1,imu01,fusion_usb_preflight_20260819,524,16244129,638975806453805
638975843000000,16264,-0.659,-0.182,-0.722,0.03,-0.08,0.0,1,imu01,fusion_usb_preflight_20260819,525,16264129,638975826450544
638975859000000,16284,-0.666,-0.181,-0.724,0.03,0.17,-0.05,1,imu01,fusion_usb_preflight_20260819,526,16284129,638975846447283
638975875000000,16304,-0.661,-0.182,-0.726,0.26,-0.14,-0.04,1,imu01,fusion_usb_preflight_20260819,527,16304129,638975866444022
638975890000000,16324,-0.66,-0.178,-0.727,-0.06,0.01,0.02,1,imu01,fusion_usb_preflight_20260819,528,16324129,638975886440761
638975921000000,16344,-0.659,-0.181,-0.735,0.28,-0.2,0.02,1,imu01,fusion_usb_preflight_20260819,529,16344129,638975906437500
638975937000000,16364,-0.664,-0.183,-0.727,-0.15,0.14,0.11,1,imu01,fusion_usb_preflight_20260819,530,16364129,638975926434239
638975953000000,16384,-0.659,-0.184,-0.729,0.05,-0.01,-0.04,1,imu01,fusion_usb_preflight_20260819,531,16384129,638975946430978
638975984000000,16404,-0.664,-0.184,-0.724,0.04,-0.15,-0.06,1,imu01,fusion_usb_preflight_20260819,532,16404129,638975966427717
638976000000000,16424,-0.657,-0.179,-0.726,0.06,0.02,0.05,1,imu01,fusion_usb_preflight_20260819,533,16424129,638975986424456
638976015000000,16444,-0.66,-0.181,-0.728,0.12,-0.17,0.02,1,imu01,fusion_usb_preflight_20260819,534,16444129,638976006421195
638976031000000,16464,-0.658,-0.181,-0.728,0.1,-0.01,-0.04,1,imu01,fusion_usb_preflight_20260819,535,16464129,638976026417934
638976062000000,16484,-0.661,-0.181,-0.731,0.11,-0.17,0.02,1,imu01,fusion_usb_preflight_20260819,536,16484129,638976046414673
638976078000000,16504,-0.662,-0.183,-0.72,-0.12,0.15,0.0,1,imu01,fusion_usb_preflight_20260819,537,16504129,638976066411412
638976093000000,16524,-0.659,-0.181,-0.733,0.04,-0.13,-0.1,1,imu01,fusion_usb_preflight_20260819,538,16524129,638976086408151
638976125000000,16544,-0.66,-0.176,-0.734,-0.11,0.12,0.2,1,imu01,fusion_usb_preflight_20260819,539,16544129,638976106404890
638976140000000,16564,-0.657,-0.176,-0.731,0.01,-0.1,-0.06,1,imu01,fusion_usb_preflight_20260819,540,16564129,638976126401630
638976156000000,16584,-0.66,-0.181,-0.735,-0.12,0.04,-0.03,1,imu01,fusion_usb_preflight_20260819,541,16584129,638976146398368
638976171000000,16604,-0.657,-0.181,-0.737,-0.12,0.05,-0.04,1,imu01,fusion_usb_preflight_20260819,542,16604129,638976166395108
638976203000000,16624,-0.66,-0.181,-0.731,0.06,0.09,-0.09,1,imu01,fusion_usb_preflight_20260819,543,16624129,638976186391846
638976218000000,16644,-0.662,-0.178,-0.725,-0.19,0.09,-0.04,1,imu01,fusion_usb_preflight_20260819,544,16644129,638976206388586
638976234000000,16664,-0.663,-0.178,-0.726,0.11,0.05,-0.02,1,imu01,fusion_usb_preflight_20260819,545,16664129,638976226385324
638976250000000,16684,-0.663,-0.178,-0.734,-0.2,0.09,0.1,1,imu01,fusion_usb_preflight_20260819,546,16684129,638976246382064
638976281000000,16704,-0.659,-0.176,-0.731,-0.12,0.07,-0.03,1,imu01,fusion_usb_preflight_20260819,547,16704129,638976266378802
638976296000000,16724,-0.663,-0.183,-0.739,-0.07,-0.01,-0.03,1,imu01,fusion_usb_preflight_20260819,548,16724129,638976286375542
638976312000000,16744,-0.657,-0.179,-0.727,-0.09,0.02,0.15,1,imu01,fusion_usb_preflight_20260819,549,16744129,638976306372281
638976343000000,16764,-0.662,-0.183,-0.727,0.01,0.06,0.05,1,imu01,fusion_usb_preflight_20260819,550,16764129,638976326369020
638976359000000,16784,-0.66,-0.181,-0.723,0.19,-0.08,-0.04,1,imu01,fusion_usb_preflight_20260819,551,16784129,638976346365759
638976375000000,16804,-0.659,-0.179,-0.726,0.1,0.03,0.05,1,imu01,fusion_usb_preflight_20260819,552,16804129,638976366362498
638976390000000,16824,-0.66,-0.184,-0.727,-0.05,-0.11,0.0,1,imu01,fusion_usb_preflight_20260819,553,16824129,638976386359237
638976421000000,16844,-0.66,-0.178,-0.737,-0.05,0.02,0.15,1,imu01,fusion_usb_preflight_20260819,554,16844129,638976406355976
638976437000000,16864,-0.662,-0.18,-0.726,0.14,-0.14,0.05,1,imu01,fusion_usb_preflight_20260819,555,16864129,638976426352715
638976453000000,16884,-0.661,-0.179,-0.729,-0.07,-0.04,-0.08,1,imu01,fusion_usb_preflight_20260819,556,16884129,638976446349454
638976484000000,16904,-0.661,-0.184,-0.735,-0.07,-0.03,0.0,1,imu01,fusion_usb_preflight_20260819,557,16904129,638976466346193
638976500000000,16924,-0.662,-0.182,-0.728,0.12,-0.11,-0.08,1,imu01,fusion_usb_preflight_20260819,558,16924129,638976486342932
638976515000000,16944,-0.661,-0.185,-0.728,0.32,-0.2,-0.05,1,imu01,fusion_usb_preflight_20260819,559,16944129,638976506339671
638976531000000,16964,-0.659,-0.179,-0.728,0.01,0.05,0.03,1,imu01,fusion_usb_preflight_20260819,560,16964129,638976526336410
638976562000000,16984,-0.656,-0.182,-0.728,0.11,-0.09,0.07,1,imu01,fusion_usb_preflight_20260819,561,16984129,638976546333149
638976578000000,17004,-0.656,-0.18,-0.732,-0.21,0.16,-0.01,1,imu01,fusion_usb_preflight_20260819,562,17004129,638976566329888
638976593000000,17024,-0.662,-0.182,-0.727,0.22,-0.14,-0.11,1,imu01,fusion_usb_preflight_20260819,563,17024129,638976586326627
638976625000000,17044,-0.66,-0.184,-0.73,-0.13,0.05,0.07,1,imu01,fusion_usb_preflight_20260819,564,17044129,638976606323366
638976640000000,17064,-0.661,-0.185,-0.731,-0.12,0.15,-0.05,1,imu01,fusion_usb_preflight_20260819,565,17064129,638976626320105
638976656000000,17084,-0.659,-0.182,-0.725,-0.21,0.09,-0.03,1,imu01,fusion_usb_preflight_20260819,566,17084129,638976646316844
638976671000000,17104,-0.659,-0.18,-0.722,-0.08,0.15,0.06,1,imu01,fusion_usb_preflight_20260819,567,17104129,638976666313583
638976703000000,17124,-0.655,-0.181,-0.737,0.08,0.03,-0.09,1,imu01,fusion_usb_preflight_20260819,568,17124129,638976686310322
638976718000000,17144,-0.66,-0.176,-0.726,-0.27,0.26,-0.02,1,imu01,fusion_usb_preflight_20260819,569,17144129,638976706307061
638976734000000,17164,-0.659,-0.182,-0.733,-0.12,0.08,0.05,1,imu01,fusion_usb_preflight_20260819,570,17164129,638976726303800
638976750000000,17184,-0.66,-0.18,-0.729,0.01,0.19,0.09,1,imu01,fusion_usb_preflight_20260819,571,17184129,638976746300539
638976781000000,17204,-0.66,-0.178,-0.724,0.2,-0.2,-0.11,1,imu01,fusion_usb_preflight_20260819,572,17204129,638976766297278
638976796000000,17224,-0.658,-0.179,-0.727,-0.09,0.18,0.02,1,imu01,fusion_usb_preflight_20260819,573,17224129,638976786294017
638976812000000,17244,-0.66,-0.177,-0.725,0.17,-0.18,0.11,1,imu01,fusion_usb_preflight_20260819,574,17244129,638976806290756
638976843000000,17264,-0.659,-0.18,-0.724,-0.08,0.06,0.04,1,imu01,fusion_usb_preflight_20260819,575,17264129,638976826287495
638976859000000,17284,-0.66,-0.179,-0.734,-0.07,-0.14,0.03,1,imu01,fusion_usb_preflight_20260819,576,17284129,638976846284234
638976875000000,17304,-0.658,-0.183,-0.735,0.04,0.01,0.03,1,imu01,fusion_usb_preflight_20260819,577,17304129,638976866280973
638976890000000,17324,-0.659,-0.183,-0.737,0.08,-0.12,-0.03,1,imu01,fusion_usb_preflight_20260819,578,17324129,638976886277712
638976921000000,17344,-0.659,-0.184,-0.734,-0.09,-0.1,-0.03,1,imu01,fusion_usb_preflight_20260819,579,17344129,638976906274451
638976937000000,17364,-0.664,-0.183,-0.722,0.04,-0.12,-0.01,1,imu01,fusion_usb_preflight_20260819,580,17364129,638976926271190
638976953000000,17384,-0.661,-0.18,-0.724,-0.06,0.02,0.05,1,imu01,fusion_usb_preflight_20260819,581,17384129,638976946267929
638976984000000,17404,-0.661,-0.179,-0.727,-0.02,-0.02,-0.03,1,imu01,fusion_usb_preflight_20260819,582,17404129,638976966264668
638977000000000,17424,-0.662,-0.183,-0.723,0.08,-0.22,-0.03,1,imu01,fusion_usb_preflight_20260819,583,17424129,638976986261407
638977015000000,17444,-0.661,-0.179,-0.726,0.04,0.04,-0.1,1,imu01,fusion_usb_preflight_20260819,584,17444129,638977006258146
638977031000000,17464,-0.658,-0.179,-0.725,-0.0,-0.05,-0.04,1,imu01,fusion_usb_preflight_20260819,585,17464129,638977026254885
638977062000000,17484,-0.661,-0.178,-0.727,0.04,0.09,0.01,1,imu01,fusion_usb_preflight_20260819,586,17484129,638977046251624
638977078000000,17504,-0.667,-0.183,-0.73,0.03,0.1,0.15,1,imu01,fusion_usb_preflight_20260819,587,17504129,638977066248363
638977093000000,17524,-0.659,-0.177,-0.729,-0.2,0.22,-0.01,1,imu01,fusion_usb_preflight_20260819,588,17524129,638977086245102
638977125000000,17544,-0.659,-0.18,-0.726,-0.01,-0.02,-0.01,1,imu01,fusion_usb_preflight_20260819,589,17544129,638977106241841
638977140000000,17564,-0.664,-0.179,-0.734,-0.13,-0.01,0.02,1,imu01,fusion_usb_preflight_20260819,590,17564129,638977126238580
638977156000000,17584,-0.663,-0.183,-0.734,-0.09,0.19,0.02,1,imu01,fusion_usb_preflight_20260819,591,17584129,638977146235319
638977171000000,17604,-0.661,-0.181,-0.732,0.05,0.12,0.07,1,imu01,fusion_usb_preflight_20260819,592,17604129,638977166232058
638977203000000,17624,-0.657,-0.184,-0.727,0.1,-0.02,-0.13,1,imu01,fusion_usb_preflight_20260819,593,17624129,638977186228797
638977218000000,17644,-0.66,-0.179,-0.727,0.19,-0.15,-0.06,1,imu01,fusion_usb_preflight_20260819,594,17644129,638977206225536
638977234000000,17664,-0.662,-0.187,-0.733,0.1,0.08,-0.06,1,imu01,fusion_usb_preflight_20260819,595,17664129,638977226222275
638977250000000,17684,-0.656,-0.184,-0.732,0.03,0.05,0.09,1,imu01,fusion_usb_preflight_20260819,596,17684129,638977246219014
638977281000000,17704,-0.662,-0.178,-0.732,0.09,0.02,-0.05,1,imu01,fusion_usb_preflight_20260819,597,17704129,638977266215753
638977296000000,17724,-0.663,-0.181,-0.733,0.1,-0.11,-0.04,1,imu01,fusion_usb_preflight_20260819,598,17724129,638977286212492
638977312000000,17744,-0.659,-0.178,-0.728,0.01,0.21,-0.03,1,imu01,fusion_usb_preflight_20260819,599,17744129,638977306209231
638977343000000,17764,-0.659,-0.185,-0.726,-0.1,-0.07,0.13,1,imu01,fusion_usb_preflight_20260819,600,17764129,638977326205970
638977359000000,17784,-0.659,-0.18,-0.73,0.09,-0.02,0.01,1,imu01,fusion_usb_preflight_20260819,601,17784129,638977346202709
638977375000000,17804,-0.661,-0.182,-0.728,0.17,-0.21,-0.04,1,imu01,fusion_usb_preflight_20260819,602,17804129,638977366199448
638977390000000,17824,-0.664,-0.177,-0.737,-0.25,0.3,0.11,1,imu01,fusion_usb_preflight_20260819,603,17824129,638977386196187
638977421000000,17844,-0.659,-0.182,-0.732,-0.09,0.04,-0.12,1,imu01,fusion_usb_preflight_20260819,604,17844129,638977406192926
638977437000000,17864,-0.663,-0.18,-0.73,-0.03,-0.21,-0.01,1,imu01,fusion_usb_preflight_20260819,605,17864129,638977426189665
638977453000000,17884,-0.657,-0.179,-0.73,0.05,0.03,0.05,1,imu01,fusion_usb_preflight_20260819,606,17884129,638977446186404
638977484000000,17904,-0.66,-0.178,-0.721,0.17,-0.12,0.12,1,imu01,fusion_usb_preflight_20260819,607,17904129,638977466183143
638977500000000,17924,-0.658,-0.181,-0.733,-0.06,0.09,0.02,1,imu01,fusion_usb_preflight_20260819,608,17924129,638977486179882
638977515000000,17944,-0.66,-0.182,-0.738,-0.17,-0.05,0.07,1,imu01,fusion_usb_preflight_20260819,609,17944129,638977506176621
638977531000000,17964,-0.662,-0.181,-0.73,-0.15,-0.01,0.04,1,imu01,fusion_usb_preflight_20260819,610,17964129,638977526173360
638977562000000,17984,-0.66,-0.177,-0.731,-0.08,0.0,-0.04,1,imu01,fusion_usb_preflight_20260819,611,17984129,638977546170100
638977578000000,18004,-0.657,-0.182,-0.724,0.1,0.0,0.0,1,imu01,fusion_usb_preflight_20260819,612,18004129,638977566166838
638977593000000,18024,-0.659,-0.181,-0.727,0.05,0.02,-0.02,1,imu01,fusion_usb_preflight_20260819,613,18024129,638977586163578
638977625000000,18044,-0.662,-0.179,-0.728,0.1,0.03,-0.1,1,imu01,fusion_usb_preflight_20260819,614,18044129,638977606160316
638977640000000,18064,-0.66,-0.184,-0.73,-0.09,-0.02,-0.07,1,imu01,fusion_usb_preflight_20260819,615,18064129,638977626157056
638977656000000,18084,-0.661,-0.18,-0.732,-0.06,0.1,0.02,1,imu01,fusion_usb_preflight_20260819,616,18084129,638977646153794
638977671000000,18104,-0.659,-0.181,-0.731,-0.01,0.09,-0.08,1,imu01,fusion_usb_preflight_20260819,617,18104129,638977666150534
638977703000000,18124,-0.66,-0.179,-0.729,-0.15,0.12,0.06,1,imu01,fusion_usb_preflight_20260819,618,18124126,638977686144273
638977718000000,18144,-0.66,-0.18,-0.729,0.01,0.05,0.03,1,imu01,fusion_usb_preflight_20260819,619,18144129,638977706144012
638977734000000,18164,-0.659,-0.179,-0.728,-0.0,0.04,0.02,1,imu01,fusion_usb_preflight_20260819,620,18164129,638977726140751
638977750000000,18184,-0.662,-0.181,-0.721,-0.07,0.15,-0.04,1,imu01,fusion_usb_preflight_20260819,621,18184129,638977746137490
638977781000000,18204,-0.662,-0.183,-0.73,0.02,-0.04,0.03,1,imu01,fusion_usb_preflight_20260819,622,18204129,638977766134229
638977796000000,18224,-0.662,-0.182,-0.735,-0.02,0.02,0.09,1,imu01,fusion_usb_preflight_20260819,623,18224129,638977786130968
638977812000000,18244,-0.665,-0.181,-0.731,0.07,-0.14,-0.01,1,imu01,fusion_usb_preflight_20260819,624,18244129,638977806127707
638977843000000,18264,-0.661,-0.179,-0.734,-0.16,0.09,0.08,1,imu01,fusion_usb_preflight_20260819,625,18264129,638977826124446
638977859000000,18284,-0.659,-0.177,-0.727,0.07,-0.14,0.0,1,imu01,fusion_usb_preflight_20260819,626,18284129,638977846121185
638977875000000,18304,-0.663,-0.179,-0.732,0.08,-0.08,-0.17,1,imu01,fusion_usb_preflight_20260819,627,18304129,638977866117924
638977890000000,18324,-0.661,-0.18,-0.731,0.12,-0.11,0.05,1,imu01,fusion_usb_preflight_20260819,628,18324129,638977886114663
638977921000000,18344,-0.663,-0.184,-0.728,0.11,-0.04,0.03,1,imu01,fusion_usb_preflight_20260819,629,18344129,638977906111402
638977937000000,18364,-0.661,-0.182,-0.735,-0.03,0.03,-0.09,1,imu01,fusion_usb_preflight_20260819,630,18364129,638977926108141
638977953000000,18384,-0.662,-0.18,-0.728,0.17,-0.09,0.03,1,imu01,fusion_usb_preflight_20260819,631,18384129,638977946104880
638977984000000,18404,-0.658,-0.178,-0.731,-0.12,0.13,0.15,1,imu01,fusion_usb_preflight_20260819,632,18404129,638977966101619
638978000000000,18424,-0.661,-0.178,-0.729,0.01,-0.06,0.15,1,imu01,fusion_usb_preflight_20260819,633,18424129,638977986098358
638978015000000,18444,-0.661,-0.18,-0.727,0.05,-0.11,0.0,1,imu01,fusion_usb_preflight_20260819,634,18444129,638978006095097
638978031000000,18464,-0.663,-0.181,-0.729,0.04,0.09,0.12,1,imu01,fusion_usb_preflight_20260819,635,18464129,638978026091836
638978062000000,18484,-0.66,-0.178,-0.734,-0.05,0.11,-0.11,1,imu01,fusion_usb_preflight_20260819,636,18484129,638978046088575
638978078000000,18504,-0.66,-0.182,-0.726,0.05,-0.08,-0.08,1,imu01,fusion_usb_preflight_20260819,637,18504129,638978066085314
638978093000000,18524,-0.66,-0.182,-0.729,-0.06,0.13,-0.04,1,imu01,fusion_usb_preflight_20260819,638,18524129,638978086082053
638978125000000,18544,-0.659,-0.181,-0.73,0.07,-0.01,0.05,1,imu01,fusion_usb_preflight_20260819,639,18544129,638978106078792
638978140000000,18564,-0.66,-0.181,-0.732,-0.08,0.01,0.0,1,imu01,fusion_usb_preflight_20260819,640,18564129,638978126075531
638978156000000,18584,-0.661,-0.187,-0.728,-0.0,0.12,0.15,1,imu01,fusion_usb_preflight_20260819,641,18584129,638978146072270
638978171000000,18604,-0.661,-0.182,-0.732,0.04,-0.01,0.09,1,imu01,fusion_usb_preflight_20260819,642,18604129,638978166069009
638978203000000,18624,-0.658,-0.179,-0.732,-0.06,0.09,0.02,1,imu01,fusion_usb_preflight_20260819,643,18624129,638978186065748
638978218000000,18644,-0.662,-0.175,-0.727,0.03,0.03,-0.01,1,imu01,fusion_usb_preflight_20260819,644,18644129,638978206062487
638978234000000,18664,-0.66,-0.182,-0.728,0.01,-0.14,0.05,1,imu01,fusion_usb_preflight_20260819,645,18664129,638978226059226
638978250000000,18684,-0.658,-0.18,-0.726,0.18,-0.17,-0.11,1,imu01,fusion_usb_preflight_20260819,646,18684129,638978246055965
638978281000000,18704,-0.663,-0.182,-0.732,0.03,0.14,-0.17,1,imu01,fusion_usb_preflight_20260819,647,18704129,638978266052704
638978296000000,18724,-0.663,-0.18,-0.727,0.1,-0.18,0.06,1,imu01,fusion_usb_preflight_20260819,648,18724129,638978286049443
638978312000000,18744,-0.656,-0.178,-0.728,-0.05,-0.07,0.05,1,imu01,fusion_usb_preflight_20260819,649,18744129,638978306046182
638978343000000,18764,-0.66,-0.179,-0.732,0.2,-0.27,0.02,1,imu01,fusion_usb_preflight_20260819,650,18764129,638978326042921
638978359000000,18784,-0.66,-0.181,-0.726,-0.07,0.09,0.04,1,imu01,fusion_usb_preflight_20260819,651,18784129,638978346039660
638978375000000,18804,-0.657,-0.179,-0.73,0.1,-0.11,0.0,1,imu01,fusion_usb_preflight_20260819,652,18804129,638978366036399
638978390000000,18824,-0.662,-0.177,-0.734,0.23,-0.2,-0.13,1,imu01,fusion_usb_preflight_20260819,653,18824129,638978386033138
638978421000000,18844,-0.663,-0.179,-0.729,0.09,0.05,0.03,1,imu01,fusion_usb_preflight_20260819,654,18844129,638978406029877
638978437000000,18864,-0.66,-0.184,-0.733,-0.24,0.16,0.3,1,imu01,fusion_usb_preflight_20260819,655,18864129,638978426026616
638978453000000,18884,-0.66,-0.181,-0.73,-0.04,0.13,0.09,1,imu01,fusion_usb_preflight_20260819,656,18884129,638978446023355
638978484000000,18904,-0.666,-0.184,-0.728,0.23,-0.18,-0.06,1,imu01,fusion_usb_preflight_20260819,657,18904129,638978466020094
638978500000000,18924,-0.656,-0.182,-0.731,-0.35,0.29,0.15,1,imu01,fusion_usb_preflight_20260819,658,18924129,638978486016833
638978515000000,18944,-0.657,-0.181,-0.733,0.33,-0.12,-0.01,1,imu01,fusion_usb_preflight_20260819,659,18944129,638978506013572
638978531000000,18964,-0.658,-0.179,-0.724,-0.03,0.14,0.04,1,imu01,fusion_usb_preflight_20260819,660,18964129,638978526010311
638978562000000,18984,-0.658,-0.184,-0.73,0.19,-0.11,0.04,1,imu01,fusion_usb_preflight_20260819,661,18984129,638978546007050
638978578000000,19004,-0.662,-0.182,-0.725,0.05,0.08,-0.17,1,imu01,fusion_usb_preflight_20260819,662,19004129,638978566003789
638978593000000,19024,-0.658,-0.178,-0.737,0.14,-0.05,-0.05,1,imu01,fusion_usb_preflight_20260819,663,19024129,638978586000528
638978609000000,19044,-0.657,-0.181,-0.732,0.21,0.0,-0.05,1,imu01,fusion_usb_preflight_20260819,664,19044129,638978605997267
638978640000000,19064,-0.66,-0.182,-0.732,0.1,0.02,-0.04,1,imu01,fusion_usb_preflight_20260819,665,19064129,638978625994006
638978656000000,19084,-0.655,-0.181,-0.725,-0.03,0.08,0.02,1,imu01,fusion_usb_preflight_20260819,666,19084129,638978645990745
638978671000000,19104,-0.658,-0.179,-0.731,0.14,0.02,-0.01,1,imu01,fusion_usb_preflight_20260819,667,19104129,638978665987484
638978703000000,19124,-0.662,-0.183,-0.735,0.11,-0.14,0.03,1,imu01,fusion_usb_preflight_20260819,668,19124129,638978685984223
638978718000000,19144,-0.661,-0.178,-0.728,0.33,-0.12,-0.18,1,imu01,fusion_usb_preflight_20260819,669,19144129,638978705980962
638978734000000,19164,-0.66,-0.178,-0.734,0.22,-0.07,0.07,1,imu01,fusion_usb_preflight_20260819,670,19164129,638978725977701
638978765000000,19184,-0.657,-0.179,-0.725,-0.4,0.25,0.15,1,imu01,fusion_usb_preflight_20260819,671,19184129,638978745974440
638978781000000,19204,-0.659,-0.186,-0.732,-0.02,0.02,0.05,1,imu01,fusion_usb_preflight_20260819,672,19204129,638978765971179
638978796000000,19224,-0.659,-0.176,-0.73,-0.27,0.2,0.09,1,imu01,fusion_usb_preflight_20260819,673,19224129,638978785967918
638978812000000,19244,-0.661,-0.181,-0.734,-0.05,-0.1,0.12,1,imu01,fusion_usb_preflight_20260819,674,19244129,638978805964657
638978843000000,19264,-0.656,-0.179,-0.728,0.26,-0.12,-0.08,1,imu01,fusion_usb_preflight_20260819,675,19264129,638978825961396
638978859000000,19284,-0.663,-0.179,-0.727,0.11,-0.17,0.02,1,imu01,fusion_usb_preflight_20260819,676,19284129,638978845958135
638978875000000,19304,-0.663,-0.183,-0.726,-0.08,0.05,0.15,1,imu01,fusion_usb_preflight_20260819,677,19304129,638978865954874
638978890000000,19324,-0.658,-0.181,-0.727,-0.12,0.09,-0.08,1,imu01,fusion_usb_preflight_20260819,678,19324129,638978885951613
638978921000000,19344,-0.658,-0.178,-0.727,0.17,-0.29,-0.05,1,imu01,fusion_usb_preflight_20260819,679,19344129,638978905948352
638978937000000,19364,-0.659,-0.181,-0.713,0.14,-0.03,0.04,1,imu01,fusion_usb_preflight_20260819,680,19364129,638978925945091
638978953000000,19384,-0.656,-0.173,-0.725,-0.02,0.02,0.09,1,imu01,fusion_usb_preflight_20260819,681,19384129,638978945941830
638978984000000,19404,-0.661,-0.18,-0.726,-0.25,0.15,0.05,1,imu01,fusion_usb_preflight_20260819,682,19404129,638978965938570
638979000000000,19424,-0.665,-0.186,-0.734,0.27,-0.2,-0.1,1,imu01,fusion_usb_preflight_20260819,683,19424129,638978985935308
638979015000000,19444,-0.66,-0.178,-0.729,-0.09,0.03,-0.11,1,imu01,fusion_usb_preflight_20260819,684,19444129,638979005932048
638979031000000,19464,-0.662,-0.18,-0.733,-0.09,-0.08,-0.04,1,imu01,fusion_usb_preflight_20260819,685,19464129,638979025928786
638979062000000,19484,-0.659,-0.179,-0.735,-0.16,0.16,0.08,1,imu01,fusion_usb_preflight_20260819,686,19484129,638979045925526
638979078000000,19504,-0.657,-0.175,-0.734,-0.01,0.02,0.04,1,imu01,fusion_usb_preflight_20260819,687,19504129,638979065922264
638979093000000,19524,-0.661,-0.182,-0.733,0.04,-0.02,-0.11,1,imu01,fusion_usb_preflight_20260819,688,19524129,638979085919004
638979125000000,19544,-0.66,-0.181,-0.723,-0.18,0.12,0.08,1,imu01,fusion_usb_preflight_20260819,689,19544129,638979105915742
638979140000000,19564,-0.662,-0.181,-0.725,0.08,0.04,0.06,1,imu01,fusion_usb_preflight_20260819,690,19564129,638979125912482
638979156000000,19584,-0.66,-0.178,-0.73,-0.03,0.15,-0.01,1,imu01,fusion_usb_preflight_20260819,691,19584129,638979145909221
638979171000000,19604,-0.664,-0.178,-0.729,0.1,0.12,-0.08,1,imu01,fusion_usb_preflight_20260819,692,19604129,638979165905960
638979203000000,19624,-0.662,-0.183,-0.731,0.06,-0.04,-0.03,1,imu01,fusion_usb_preflight_20260819,693,19624129,638979185902699
638979218000000,19644,-0.658,-0.178,-0.728,-0.05,-0.06,0.09,1,imu01,fusion_usb_preflight_20260819,694,19644129,638979205899438
638979234000000,19664,-0.661,-0.188,-0.724,-0.09,0.21,0.02,1,imu01,fusion_usb_preflight_20260819,695,19664129,638979225896177
638979250000000,19684,-0.659,-0.18,-0.733,-0.19,-0.01,0.13,1,imu01,fusion_usb_preflight_20260819,696,19684129,638979245892916
638979281000000,19704,-0.661,-0.18,-0.729,0.04,0.03,-0.01,1,imu01,fusion_usb_preflight_20260819,697,19704129,638979265889655
638979296000000,19724,-0.658,-0.181,-0.73,0.26,-0.17,-0.08,1,imu01,fusion_usb_preflight_20260819,698,19724129,638979285886394
638979312000000,19744,-0.661,-0.18,-0.722,-0.03,0.08,-0.01,1,imu01,fusion_usb_preflight_20260819,699,19744129,638979305883133
638979343000000,19764,-0.662,-0.181,-0.728,-0.09,-0.14,-0.04,1,imu01,fusion_usb_preflight_20260819,700,19764129,638979325879872
638979359000000,19784,-0.659,-0.181,-0.731,0.04,-0.07,-0.03,1,imu01,fusion_usb_preflight_20260819,701,19784129,638979345876611
638979375000000,19804,-0.665,-0.177,-0.731,0.04,-0.02,0.12,1,imu01,fusion_usb_preflight_20260819,702,19804129,638979365873350
638979390000000,19824,-0.664,-0.179,-0.73,0.03,-0.03,0.17,1,imu01,fusion_usb_preflight_20260819,703,19824129,638979385870089
638979421000000,19844,-0.661,-0.18,-0.725,0.13,-0.11,-0.13,1,imu01,fusion_usb_preflight_20260819,704,19844129,638979405866828
638979437000000,19864,-0.658,-0.181,-0.728,0.26,-0.07,-0.14,1,imu01,fusion_usb_preflight_20260819,705,19864129,638979425863567
638979453000000,19884,-0.66,-0.18,-0.728,-0.2,0.09,0.06,1,imu01,fusion_usb_preflight_20260819,706,19884129,638979445860306
638979484000000,19904,-0.662,-0.176,-0.725,0.19,-0.1,-0.02,1,imu01,fusion_usb_preflight_20260819,707,19904129,638979465857045
638979500000000,19924,-0.655,-0.185,-0.731,0.18,-0.14,-0.11,1,imu01,fusion_usb_preflight_20260819,708,19924129,638979485853784
638979515000000,19944,-0.659,-0.178,-0.725,-0.14,-0.09,0.05,1,imu01,fusion_usb_preflight_20260819,709,19944129,638979505850523
638979531000000,19964,-0.663,-0.178,-0.725,-0.06,0.15,-0.04,1,imu01,fusion_usb_preflight_20260819,710,19964129,638979525847262
638979562000000,19984,-0.662,-0.184,-0.731,-0.2,-0.02,0.03,1,imu01,fusion_usb_preflight_20260819,711,19984129,638979545844001
638979578000000,20004,-0.661,-0.177,-0.726,0.02,0.04,0.03,1,imu01,fusion_usb_preflight_20260819,712,20004129,638979565840740
638979593000000,20024,-0.664,-0.18,-0.729,0.08,0.05,0.06,1,imu01,fusion_usb_preflight_20260819,713,20024129,638979585837479
638979625000000,20044,-0.661,-0.181,-0.734,-0.08,0.18,-0.04,1,imu01,fusion_usb_preflight_20260819,714,20044129,638979605834218
638979640000000,20064,-0.662,-0.181,-0.724,-0.23,0.08,0.01,1,imu01,fusion_usb_preflight_20260819,715,20064129,638979625830957
638979656000000,20084,-0.66,-0.179,-0.73,0.03,-0.14,0.02,1,imu01,fusion_usb_preflight_20260819,716,20084129,638979645827696
638979671000000,20104,-0.66,-0.185,-0.732,0.02,0.01,-0.06,1,imu01,fusion_usb_preflight_20260819,717,20104129,638979665824435
638979703000000,20124,-0.662,-0.181,-0.73,-0.16,0.11,0.13,1,imu01,fusion_usb_preflight_20260819,718,20124126,638979685818174
638979718000000,20144,-0.66,-0.183,-0.723,-0.07,0.05,0.05,1,imu01,fusion_usb_preflight_20260819,719,20144129,638979705817913
638979734000000,20164,-0.661,-0.177,-0.731,-0.11,0.1,0.04,1,imu01,fusion_usb_preflight_20260819,720,20164129,638979725814652
638979765000000,20184,-0.657,-0.181,-0.732,-0.01,0.21,-0.09,1,imu01,fusion_usb_preflight_20260819,721,20184129,638979745811391
638979781000000,20204,-0.659,-0.184,-0.735,0.14,-0.17,0.01,1,imu01,fusion_usb_preflight_20260819,722,20204129,638979765808130
638979796000000,20224,-0.656,-0.178,-0.725,0.06,0.14,-0.05,1,imu01,fusion_usb_preflight_20260819,723,20224129,638979785804869
638979812000000,20244,-0.665,-0.186,-0.728,0.14,-0.16,-0.04,1,imu01,fusion_usb_preflight_20260819,724,20244129,638979805801608
638979843000000,20264,-0.662,-0.183,-0.727,-0.17,0.13,0.02,1,imu01,fusion_usb_preflight_20260819,725,20264129,638979825798347
638979859000000,20284,-0.663,-0.178,-0.725,0.14,-0.1,-0.07,1,imu01,fusion_usb_preflight_20260819,726,20284129,638979845795086
638979875000000,20304,-0.657,-0.178,-0.731,0.01,-0.06,-0.1,1,imu01,fusion_usb_preflight_20260819,727,20304129,638979865791825
638979890000000,20324,-0.66,-0.18,-0.723,0.01,-0.01,0.11,1,imu01,fusion_usb_preflight_20260819,728,20324129,638979885788564
638979921000000,20344,-0.66,-0.183,-0.722,0.05,-0.13,0.17,1,imu01,fusion_usb_preflight_20260819,729,20344129,638979905785303
638979937000000,20364,-0.659,-0.181,-0.736,-0.06,0.12,0.09,1,imu01,fusion_usb_preflight_20260819,730,20364129,638979925782042
638979953000000,20384,-0.662,-0.184,-0.73,-0.02,-0.19,0.09,1,imu01,fusion_usb_preflight_20260819,731,20384129,638979945778781
638979984000000,20404,-0.663,-0.18,-0.735,-0.07,0.11,0.05,1,imu01,fusion_usb_preflight_20260819,732,20404129,638979965775520
638980000000000,20424,-0.66,-0.181,-0.724,0.1,-0.09,-0.06,1,imu01,fusion_usb_preflight_20260819,733,20424129,638979985772259
638980015000000,20444,-0.661,-0.183,-0.728,0.01,0.09,-0.09,1,imu01,fusion_usb_preflight_20260819,734,20444129,638980005768998
638980031000000,20464,-0.659,-0.179,-0.727,0.09,-0.08,0.02,1,imu01,fusion_usb_preflight_20260819,735,20464129,638980025765737
638980062000000,20484,-0.663,-0.179,-0.733,-0.06,0.17,-0.1,1,imu01,fusion_usb_preflight_20260819,736,20484129,638980045762476
638980078000000,20504,-0.662,-0.178,-0.731,-0.17,0.07,0.01,1,imu01,fusion_usb_preflight_20260819,737,20504129,638980065759215
638980093000000,20524,-0.665,-0.185,-0.727,-0.12,0.09,0.05,1,imu01,fusion_usb_preflight_20260819,738,20524129,638980085755954
638980125000000,20544,-0.66,-0.178,-0.73,-0.06,0.05,0.05,1,imu01,fusion_usb_preflight_20260819,739,20544129,638980105752693
638980140000000,20564,-0.662,-0.185,-0.725,-0.11,0.16,0.0,1,imu01,fusion_usb_preflight_20260819,740,20564129,638980125749432
638980156000000,20584,-0.659,-0.18,-0.724,-0.15,0.1,-0.01,1,imu01,fusion_usb_preflight_20260819,741,20584129,638980145746171
638980171000000,20604,-0.659,-0.183,-0.729,-0.08,-0.02,-0.01,1,imu01,fusion_usb_preflight_20260819,742,20604129,638980165742910
638980203000000,20624,-0.659,-0.18,-0.728,0.02,0.05,-0.12,1,imu01,fusion_usb_preflight_20260819,743,20624129,638980185739649
638980218000000,20644,-0.661,-0.181,-0.734,-0.07,0.09,0.02,1,imu01,fusion_usb_preflight_20260819,744,20644129,638980205736388
638980234000000,20664,-0.668,-0.181,-0.738,0.04,-0.08,0.02,1,imu01,fusion_usb_preflight_20260819,745,20664129,638980225733127
638980250000000,20684,-0.662,-0.179,-0.726,0.04,-0.09,-0.04,1,imu01,fusion_usb_preflight_20260819,746,20684129,638980245729866
638980281000000,20704,-0.658,-0.18,-0.728,-0.08,0.2,-0.1,1,imu01,fusion_usb_preflight_20260819,747,20704129,638980265726605
638980296000000,20724,-0.665,-0.18,-0.727,0.16,-0.1,0.13,1,imu01,fusion_usb_preflight_20260819,748,20724129,638980285723344
638980312000000,20744,-0.659,-0.182,-0.731,-0.03,-0.02,0.02,1,imu01,fusion_usb_preflight_20260819,749,20744129,638980305720083
638980343000000,20764,-0.665,-0.178,-0.736,-0.05,-0.01,0.12,1,imu01,fusion_usb_preflight_20260819,750,20764129,638980325716822
638980359000000,20784,-0.661,-0.179,-0.732,-0.16,0.13,0.0,1,imu01,fusion_usb_preflight_20260819,751,20784129,638980345713561
638980375000000,20804,-0.662,-0.183,-0.732,0.08,-0.02,-0.06,1,imu01,fusion_usb_preflight_20260819,752,20804129,638980365710300
638980390000000,20824,-0.656,-0.18,-0.723,0.13,-0.13,0.01,1,imu01,fusion_usb_preflight_20260819,753,20824129,638980385707040
638980421000000,20844,-0.663,-0.179,-0.724,-0.04,0.02,0.09,1,imu01,fusion_usb_preflight_20260819,754,20844129,638980405703778
638980437000000,20864,-0.662,-0.176,-0.727,-0.06,0.02,0.18,1,imu01,fusion_usb_preflight_20260819,755,20864129,638980425700518
638980453000000,20884,-0.658,-0.177,-0.729,0.02,0.02,-0.1,1,imu01,fusion_usb_preflight_20260819,756,20884129,638980445697256
638980484000000,20904,-0.658,-0.181,-0.729,0.08,-0.15,0.05,1,imu01,fusion_usb_preflight_20260819,757,20904129,638980465693996
638980500000000,20924,-0.655,-0.176,-0.729,-0.09,0.13,-0.06,1,imu01,fusion_usb_preflight_20260819,758,20924129,638980485690734
638980515000000,20944,-0.66,-0.177,-0.723,0.06,-0.16,-0.08,1,imu01,fusion_usb_preflight_20260819,759,20944129,638980505687474
638980531000000,20964,-0.66,-0.185,-0.732,-0.05,0.11,0.06,1,imu01,fusion_usb_preflight_20260819,760,20964129,638980525684212
638980562000000,20984,-0.66,-0.181,-0.733,0.01,-0.01,0.05,1,imu01,fusion_usb_preflight_20260819,761,20984129,638980545680952
638980578000000,21004,-0.66,-0.178,-0.731,-0.1,0.15,0.0,1,imu01,fusion_usb_preflight_20260819,762,21004129,638980565677691
638980593000000,21024,-0.661,-0.179,-0.732,0.01,0.01,0.05,1,imu01,fusion_usb_preflight_20260819,763,21024129,638980585674430
638980609000000,21044,-0.659,-0.175,-0.73,0.03,0.1,0.09,1,imu01,fusion_usb_preflight_20260819,764,21044129,638980605671169
638980640000000,21064,-0.661,-0.183,-0.731,-0.03,0.11,-0.08,1,imu01,fusion_usb_preflight_20260819,765,21064129,638980625667908
638980656000000,21084,-0.659,-0.18,-0.733,-0.11,0.02,-0.02,1,imu01,fusion_usb_preflight_20260819,766,21084129,638980645664647
638980671000000,21104,-0.659,-0.179,-0.723,-0.12,0.1,0.07,1,imu01,fusion_usb_preflight_20260819,767,21104129,638980665661386
638980703000000,21124,-0.658,-0.183,-0.726,0.09,0.02,-0.08,1,imu01,fusion_usb_preflight_20260819,768,21124129,638980685658125
638980718000000,21144,-0.659,-0.177,-0.73,-0.05,0.12,-0.03,1,imu01,fusion_usb_preflight_20260819,769,21144129,638980705654864
638980734000000,21164,-0.656,-0.179,-0.724,-0.03,-0.04,0.09,1,imu01,fusion_usb_preflight_20260819,770,21164129,638980725651603
638980750000000,21184,-0.665,-0.18,-0.732,-0.05,-0.03,-0.01,1,imu01,fusion_usb_preflight_20260819,771,21184129,638980745648342
638980781000000,21204,-0.658,-0.181,-0.725,0.11,-0.19,0.01,1,imu01,fusion_usb_preflight_20260819,772,21204129,638980765645081
638980796000000,21224,-0.657,-0.182,-0.731,0.01,0.21,-0.01,1,imu01,fusion_usb_preflight_20260819,773,21224129,638980785641820
638980812000000,21244,-0.657,-0.186,-0.725,-0.01,-0.07,-0.05,1,imu01,fusion_usb_preflight_20260819,774,21244129,638980805638559
638980843000000,21264,-0.66,-0.18,-0.727,0.01,-0.08,-0.03,1,imu01,fusion_usb_preflight_20260819,775,21264129,638980825635298
638980859000000,21284,-0.66,-0.179,-0.731,-0.06,-0.01,0.07,1,imu01,fusion_usb_preflight_20260819,776,21284129,638980845632037
638980875000000,21304,-0.657,-0.181,-0.728,-0.05,0.03,0.15,1,imu01,fusion_usb_preflight_20260819,777,21304129,638980865628776
638980890000000,21324,-0.662,-0.18,-0.73,-0.06,0.05,0.01,1,imu01,fusion_usb_preflight_20260819,778,21324129,638980885625515
638980921000000,21344,-0.661,-0.179,-0.73,0.01,-0.07,-0.14,1,imu01,fusion_usb_preflight_20260819,779,21344129,638980905622254
638980937000000,21364,-0.665,-0.185,-0.728,0.05,0.08,-0.01,1,imu01,fusion_usb_preflight_20260819,780,21364129,638980925618993
638980953000000,21384,-0.661,-0.181,-0.727,0.06,-0.14,-0.02,1,imu01,fusion_usb_preflight_20260819,781,21384129,638980945615732
638980984000000,21404,-0.659,-0.183,-0.726,-0.06,-0.01,0.02,1,imu01,fusion_usb_preflight_20260819,782,21404129,638980965612471
638981000000000,21424,-0.658,-0.177,-0.735,-0.03,-0.13,0.08,1,imu01,fusion_usb_preflight_20260819,783,21424129,638980985609210
638981015000000,21444,-0.657,-0.18,-0.732,-0.02,0.07,-0.07,1,imu01,fusion_usb_preflight_20260819,784,21444129,638981005605949
638981031000000,21464,-0.661,-0.179,-0.726,-0.08,-0.04,0.02,1,imu01,fusion_usb_preflight_20260819,785,21464129,638981025602688
638981062000000,21484,-0.664,-0.183,-0.736,-0.06,0.0,0.09,1,imu01,fusion_usb_preflight_20260819,786,21484129,638981045599427
638981078000000,21504,-0.659,-0.183,-0.735,0.07,-0.01,0.05,1,imu01,fusion_usb_preflight_20260819,787,21504129,638981065596166
638981093000000,21524,-0.658,-0.182,-0.725,-0.09,0.2,-0.03,1,imu01,fusion_usb_preflight_20260819,788,21524129,638981085592905
638981125000000,21544,-0.66,-0.177,-0.73,-0.07,0.03,-0.01,1,imu01,fusion_usb_preflight_20260819,789,21544129,638981105589644
638981140000000,21564,-0.66,-0.178,-0.729,-0.04,0.0,-0.02,1,imu01,fusion_usb_preflight_20260819,790,21564129,638981125586383
638981156000000,21584,-0.662,-0.184,-0.739,-0.07,0.16,-0.01,1,imu01,fusion_usb_preflight_20260819,791,21584129,638981145583122
638981171000000,21604,-0.657,-0.179,-0.728,0.04,-0.01,0.11,1,imu01,fusion_usb_preflight_20260819,792,21604129,638981165579861
638981203000000,21624,-0.661,-0.18,-0.723,-0.08,-0.01,0.0,1,imu01,fusion_usb_preflight_20260819,793,21624129,638981185576600
638981218000000,21644,-0.661,-0.181,-0.733,0.04,-0.04,-0.09,1,imu01,fusion_usb_preflight_20260819,794,21644129,638981205573339
638981234000000,21664,-0.661,-0.181,-0.736,-0.0,0.13,-0.01,1,imu01,fusion_usb_preflight_20260819,795,21664129,638981225570078
638981265000000,21684,-0.662,-0.18,-0.726,0.04,-0.08,0.09,1,imu01,fusion_usb_preflight_20260819,796,21684129,638981245566817
638981281000000,21704,-0.66,-0.181,-0.733,0.17,0.02,0.02,1,imu01,fusion_usb_preflight_20260819,797,21704129,638981265563556
638981296000000,21724,-0.658,-0.176,-0.73,0.17,-0.18,0.03,1,imu01,fusion_usb_preflight_20260819,798,21724129,638981285560295
638981312000000,21744,-0.659,-0.181,-0.728,0.07,0.05,0.05,1,imu01,fusion_usb_preflight_20260819,799,21744129,638981305557034
638981343000000,21764,-0.657,-0.179,-0.728,0.06,-0.08,-0.03,1,imu01,fusion_usb_preflight_20260819,800,21764129,638981325553773
638981359000000,21784,-0.653,-0.185,-0.734,0.18,-0.18,-0.12,1,imu01,fusion_usb_preflight_20260819,801,21784129,638981345550512
638981375000000,21804,-0.656,-0.183,-0.732,0.11,-0.14,0.02,1,imu01,fusion_usb_preflight_20260819,802,21804129,638981365547251
638981390000000,21824,-0.657,-0.184,-0.724,-0.0,-0.08,0.04,1,imu01,fusion_usb_preflight_20260819,803,21824129,638981385543990
638981421000000,21844,-0.659,-0.183,-0.73,-0.03,0.02,-0.02,1,imu01,fusion_usb_preflight_20260819,804,21844129,638981405540729
638981437000000,21864,-0.658,-0.183,-0.725,0.06,-0.17,-0.04,1,imu01,fusion_usb_preflight_20260819,805,21864129,638981425537468
638981453000000,21884,-0.657,-0.181,-0.726,-0.07,0.05,-0.04,1,imu01,fusion_usb_preflight_20260819,806,21884129,638981445534207
638981484000000,21904,-0.665,-0.183,-0.729,0.01,-0.03,-0.01,1,imu01,fusion_usb_preflight_20260819,807,21904129,638981465530946
638981500000000,21924,-0.659,-0.183,-0.731,-0.09,0.05,-0.01,1,imu01,fusion_usb_preflight_20260819,808,21924129,638981485527685
638981515000000,21944,-0.662,-0.181,-0.729,-0.02,0.04,0.05,1,imu01,fusion_usb_preflight_20260819,809,21944129,638981505524424
638981531000000,21964,-0.661,-0.185,-0.73,-0.03,0.12,0.02,1,imu01,fusion_usb_preflight_20260819,810,21964129,638981525521163
638981562000000,21984,-0.658,-0.181,-0.732,-0.13,-0.01,-0.04,1,imu01,fusion_usb_preflight_20260819,811,21984129,638981545517902
638981578000000,22004,-0.663,-0.179,-0.737,-0.0,0.0,-0.02,1,imu01,fusion_usb_preflight_20260819,812,22004129,638981565514641
638981593000000,22024,-0.657,-0.182,-0.727,-0.13,0.16,0.02,1,imu01,fusion_usb_preflight_20260819,813,22024129,638981585511380
638981625000000,22044,-0.664,-0.181,-0.731,0.04,0.05,-0.09,1,imu01,fusion_usb_preflight_20260819,814,22044129,638981605508119
638981640000000,22064,-0.66,-0.181,-0.722,-0.14,0.09,-0.04,1,imu01,fusion_usb_preflight_20260819,815,22064129,638981625504858
638981656000000,22084,-0.66,-0.184,-0.734,0.03,0.03,0.02,1,imu01,fusion_usb_preflight_20260819,816,22084129,638981645501597
638981671000000,22104,-0.659,-0.178,-0.727,0.01,0.07,-0.04,1,imu01,fusion_usb_preflight_20260819,817,22104129,638981665498336
638981703000000,22124,-0.659,-0.179,-0.728,-0.07,-0.01,0.17,1,imu01,fusion_usb_preflight_20260819,818,22124126,638981685492076
638981718000000,22144,-0.658,-0.181,-0.725,-0.03,0.05,0.05,1,imu01,fusion_usb_preflight_20260819,819,22144129,638981705491814
638981734000000,22164,-0.662,-0.185,-0.737,-0.03,0.02,0.04,1,imu01,fusion_usb_preflight_20260819,820,22164129,638981725488553
638981750000000,22184,-0.656,-0.179,-0.73,-0.03,0.07,0.07,1,imu01,fusion_usb_preflight_20260819,821,22184129,638981745485292
638981781000000,22204,-0.66,-0.18,-0.73,0.1,-0.16,0.05,1,imu01,fusion_usb_preflight_20260819,822,22204129,638981765482031
638981796000000,22224,-0.66,-0.179,-0.721,0.09,-0.07,-0.02,1,imu01,fusion_usb_preflight_20260819,823,22224129,638981785478770
638981812000000,22244,-0.658,-0.181,-0.726,0.01,-0.14,-0.01,1,imu01,fusion_usb_preflight_20260819,824,22244129,638981805475510
638981843000000,22264,-0.662,-0.179,-0.732,0.05,-0.04,-0.01,1,imu01,fusion_usb_preflight_20260819,825,22264129,638981825472248
638981859000000,22284,-0.662,-0.183,-0.727,0.07,-0.11,-0.17,1,imu01,fusion_usb_preflight_20260819,826,22284129,638981845468988
638981875000000,22304,-0.662,-0.186,-0.734,0.04,-0.14,-0.03,1,imu01,fusion_usb_preflight_20260819,827,22304129,638981865465726
638981890000000,22324,-0.663,-0.18,-0.733,0.03,0.05,-0.01,1,imu01,fusion_usb_preflight_20260819,828,22324129,638981885462466
638981921000000,22344,-0.662,-0.174,-0.726,-0.02,-0.13,0.04,1,imu01,fusion_usb_preflight_20260819,829,22344129,638981905459204
638981937000000,22364,-0.662,-0.178,-0.723,-0.05,-0.11,-0.09,1,imu01,fusion_usb_preflight_20260819,830,22364129,638981925455944
638981953000000,22384,-0.658,-0.179,-0.723,0.07,-0.08,0.02,1,imu01,fusion_usb_preflight_20260819,831,22384129,638981945452682
638981984000000,22404,-0.66,-0.176,-0.733,-0.15,0.05,-0.08,1,imu01,fusion_usb_preflight_20260819,832,22404129,638981965449422
638982000000000,22424,-0.659,-0.183,-0.724,0.09,-0.14,-0.04,1,imu01,fusion_usb_preflight_20260819,833,22424129,638981985446161
638982015000000,22444,-0.662,-0.18,-0.727,-0.06,0.07,0.09,1,imu01,fusion_usb_preflight_20260819,834,22444129,638982005442900
638982031000000,22464,-0.659,-0.185,-0.727,0.05,0.05,0.17,1,imu01,fusion_usb_preflight_20260819,835,22464129,638982025439639
638982062000000,22484,-0.657,-0.176,-0.727,-0.24,0.18,0.05,1,imu01,fusion_usb_preflight_20260819,836,22484129,638982045436378
638982078000000,22504,-0.659,-0.179,-0.718,-0.04,0.01,-0.04,1,imu01,fusion_usb_preflight_20260819,837,22504129,638982065433117
638982093000000,22524,-0.663,-0.179,-0.721,-0.15,0.15,-0.03,1,imu01,fusion_usb_preflight_20260819,838,22524129,638982085429856
638982125000000,22544,-0.657,-0.179,-0.73,-0.06,0.17,-0.02,1,imu01,fusion_usb_preflight_20260819,839,22544129,638982105426595
638982140000000,22564,-0.662,-0.18,-0.736,-0.09,0.1,0.05,1,imu01,fusion_usb_preflight_20260819,840,22564129,638982125423334
638982156000000,22584,-0.659,-0.179,-0.728,-0.09,0.09,0.1,1,imu01,fusion_usb_preflight_20260819,841,22584129,638982145420073
638982171000000,22604,-0.655,-0.18,-0.726,0.01,-0.11,-0.12,1,imu01,fusion_usb_preflight_20260819,842,22604129,638982165416812
638982203000000,22624,-0.657,-0.18,-0.73,-0.0,0.17,-0.11,1,imu01,fusion_usb_preflight_20260819,843,22624129,638982185413551
638982218000000,22644,-0.661,-0.184,-0.733,-0.03,0.03,0.09,1,imu01,fusion_usb_preflight_20260819,844,22644129,638982205410290
638982234000000,22664,-0.664,-0.182,-0.732,-0.07,0.07,0.04,1,imu01,fusion_usb_preflight_20260819,845,22664129,638982225407029
638982250000000,22684,-0.661,-0.182,-0.732,0.16,-0.14,0.0,1,imu01,fusion_usb_preflight_20260819,846,22684129,638982245403768
638982281000000,22704,-0.658,-0.176,-0.73,-0.06,0.02,0.01,1,imu01,fusion_usb_preflight_20260819,847,22704129,638982265400507
638982296000000,22724,-0.659,-0.178,-0.724,-0.18,-0.06,0.06,1,imu01,fusion_usb_preflight_20260819,848,22724129,638982285397246
638982312000000,22744,-0.658,-0.184,-0.727,0.07,-0.12,-0.08,1,imu01,fusion_usb_preflight_20260819,849,22744129,638982305393985
638982343000000,22764,-0.661,-0.179,-0.729,0.01,0.02,-0.03,1,imu01,fusion_usb_preflight_20260819,850,22764129,638982325390724
638982359000000,22784,-0.662,-0.178,-0.733,0.02,-0.04,0.1,1,imu01,fusion_usb_preflight_20260819,851,22784129,638982345387463
638982375000000,22804,-0.661,-0.182,-0.73,-0.04,-0.01,-0.01,1,imu01,fusion_usb_preflight_20260819,852,22804129,638982365384202
638982390000000,22824,-0.661,-0.18,-0.731,-0.03,-0.06,0.05,1,imu01,fusion_usb_preflight_20260819,853,22824129,638982385380941
638982421000000,22844,-0.662,-0.182,-0.728,-0.05,0.06,-0.01,1,imu01,fusion_usb_preflight_20260819,854,22844129,638982405377680
638982437000000,22864,-0.661,-0.183,-0.723,0.12,-0.06,-0.01,1,imu01,fusion_usb_preflight_20260819,855,22864129,638982425374419
638982453000000,22884,-0.66,-0.181,-0.727,-0.14,0.05,0.05,1,imu01,fusion_usb_preflight_20260819,856,22884129,638982445371158
638982484000000,22904,-0.661,-0.181,-0.733,-0.03,-0.03,0.03,1,imu01,fusion_usb_preflight_20260819,857,22904129,638982465367897
638982500000000,22924,-0.662,-0.182,-0.733,-0.03,0.12,-0.06,1,imu01,fusion_usb_preflight_20260819,858,22924129,638982485364636
638982515000000,22944,-0.663,-0.179,-0.725,0.02,-0.11,0.05,1,imu01,fusion_usb_preflight_20260819,859,22944129,638982505361375
638982531000000,22964,-0.66,-0.176,-0.732,0.04,0.03,0.05,1,imu01,fusion_usb_preflight_20260819,860,22964129,638982525358114
638982562000000,22984,-0.662,-0.181,-0.731,0.2,-0.02,-0.05,1,imu01,fusion_usb_preflight_20260819,861,22984129,638982545354853
638982578000000,23004,-0.665,-0.182,-0.733,0.18,0.07,-0.09,1,imu01,fusion_usb_preflight_20260819,862,23004129,638982565351592
638982593000000,23024,-0.663,-0.177,-0.728,0.01,0.06,-0.01,1,imu01,fusion_usb_preflight_20260819,863,23024129,638982585348331
638982625000000,23044,-0.663,-0.179,-0.727,-0.15,0.0,0.07,1,imu01,fusion_usb_preflight_20260819,864,23044129,638982605345070
638982640000000,23064,-0.661,-0.181,-0.724,0.05,0.19,-0.01,1,imu01,fusion_usb_preflight_20260819,865,23064129,638982625341809
638982656000000,23084,-0.661,-0.183,-0.727,-0.12,0.13,0.17,1,imu01,fusion_usb_preflight_20260819,866,23084129,638982645338548
638982671000000,23104,-0.661,-0.179,-0.728,-0.11,0.11,0.06,1,imu01,fusion_usb_preflight_20260819,867,23104129,638982665335287
638982703000000,23124,-0.66,-0.173,-0.728,0.12,-0.1,-0.12,1,imu01,fusion_usb_preflight_20260819,868,23124129,638982685332026
638982718000000,23144,-0.661,-0.178,-0.729,-0.14,0.09,-0.03,1,imu01,fusion_usb_preflight_20260819,869,23144129,638982705328765
638982734000000,23164,-0.661,-0.179,-0.723,0.1,-0.1,0.08,1,imu01,fusion_usb_preflight_20260819,870,23164129,638982725325504
638982750000000,23184,-0.659,-0.18,-0.722,0.12,-0.09,-0.08,1,imu01,fusion_usb_preflight_20260819,871,23184129,638982745322243
638982781000000,23204,-0.66,-0.182,-0.736,0.15,-0.04,-0.04,1,imu01,fusion_usb_preflight_20260819,872,23204129,638982765318982
638982796000000,23224,-0.659,-0.178,-0.735,0.04,0.03,0.02,1,imu01,fusion_usb_preflight_20260819,873,23224129,638982785315721
638982812000000,23244,-0.661,-0.176,-0.734,0.03,-0.08,-0.05,1,imu01,fusion_usb_preflight_20260819,874,23244129,638982805312460
638982843000000,23264,-0.66,-0.18,-0.736,0.11,-0.17,-0.02,1,imu01,fusion_usb_preflight_20260819,875,23264129,638982825309199
638982859000000,23284,-0.662,-0.179,-0.724,0.06,-0.04,-0.03,1,imu01,fusion_usb_preflight_20260819,876,23284129,638982845305938
638982875000000,23304,-0.662,-0.179,-0.726,-0.09,0.03,0.19,1,imu01,fusion_usb_preflight_20260819,877,23304129,638982865302677
638982890000000,23324,-0.66,-0.181,-0.73,0.11,-0.11,-0.05,1,imu01,fusion_usb_preflight_20260819,878,23324129,638982885299416
638982921000000,23344,-0.662,-0.181,-0.719,0.03,-0.11,0.13,1,imu01,fusion_usb_preflight_20260819,879,23344129,638982905296155
638982937000000,23364,-0.663,-0.185,-0.729,0.04,0.12,-0.07,1,imu01,fusion_usb_preflight_20260819,880,23364129,638982925292894
638982953000000,23384,-0.66,-0.18,-0.722,0.1,-0.15,-0.13,1,imu01,fusion_usb_preflight_20260819,881,23384129,638982945289633
638982984000000,23404,-0.661,-0.181,-0.733,-0.13,0.06,0.11,1,imu01,fusion_usb_preflight_20260819,882,23404129,638982965286372
638983000000000,23424,-0.658,-0.182,-0.726,-0.06,0.02,0.1,1,imu01,fusion_usb_preflight_20260819,883,23424129,638982985283111
638983015000000,23444,-0.658,-0.181,-0.731,-0.22,0.11,0.06,1,imu01,fusion_usb_preflight_20260819,884,23444129,638983005279850
638983031000000,23464,-0.66,-0.18,-0.729,-0.07,0.06,-0.01,1,imu01,fusion_usb_preflight_20260819,885,23464129,638983025276589
638983062000000,23484,-0.661,-0.179,-0.726,0.03,-0.01,0.03,1,imu01,fusion_usb_preflight_20260819,886,23484129,638983045273328
638983078000000,23504,-0.661,-0.18,-0.726,-0.03,0.23,-0.06,1,imu01,fusion_usb_preflight_20260819,887,23504129,638983065270067
638983093000000,23524,-0.668,-0.18,-0.73,-0.17,0.17,0.06,1,imu01,fusion_usb_preflight_20260819,888,23524129,638983085266806
638983125000000,23544,-0.659,-0.187,-0.731,-0.06,-0.04,0.08,1,imu01,fusion_usb_preflight_20260819,889,23544129,638983105263545
638983140000000,23564,-0.66,-0.18,-0.732,-0.0,-0.1,0.03,1,imu01,fusion_usb_preflight_20260819,890,23564129,638983125260284
638983156000000,23584,-0.66,-0.185,-0.737,-0.09,0.07,-0.04,1,imu01,fusion_usb_preflight_20260819,891,23584129,638983145257023
638983171000000,23604,-0.661,-0.181,-0.735,0.05,-0.01,0.04,1,imu01,fusion_usb_preflight_20260819,892,23604129,638983165253762
638983203000000,23624,-0.66,-0.181,-0.728,-0.01,0.04,-0.01,1,imu01,fusion_usb_preflight_20260819,893,23624129,638983185250501
638983218000000,23644,-0.661,-0.18,-0.73,0.1,-0.13,-0.04,1,imu01,fusion_usb_preflight_20260819,894,23644129,638983205247240
638983234000000,23664,-0.657,-0.18,-0.733,-0.07,0.09,0.04,1,imu01,fusion_usb_preflight_20260819,895,23664129,638983225243980
638983265000000,23684,-0.661,-0.179,-0.724,-0.04,-0.03,0.11,1,imu01,fusion_usb_preflight_20260819,896,23684129,638983245240718
638983281000000,23704,-0.662,-0.178,-0.726,0.12,-0.04,-0.1,1,imu01,fusion_usb_preflight_20260819,897,23704129,638983265237458
638983296000000,23724,-0.659,-0.18,-0.733,0.05,0.02,0.12,1,imu01,fusion_usb_preflight_20260819,898,23724129,638983285234196
638983312000000,23744,-0.661,-0.181,-0.73,0.12,-0.06,0.04,1,imu01,fusion_usb_preflight_20260819,899,23744129,638983305230936
638983343000000,23764,-0.659,-0.181,-0.725,0.06,-0.08,-0.11,1,imu01,fusion_usb_preflight_20260819,900,23764129,638983325227674
638983359000000,23784,-0.659,-0.18,-0.724,0.23,-0.13,-0.03,1,imu01,fusion_usb_preflight_20260819,901,23784129,638983345224414
638983375000000,23804,-0.658,-0.181,-0.729,-0.02,0.04,0.03,1,imu01,fusion_usb_preflight_20260819,902,23804129,638983365221152
638983390000000,23824,-0.657,-0.179,-0.724,-0.07,-0.12,0.03,1,imu01,fusion_usb_preflight_20260819,903,23824129,638983385217892
