device_id,session_id,sequence,device_timestamp_us,host_capture_monotonic_ns,host_received_monotonic_ns,width,height,jpeg_bytes,relative_path
cam01,fusion_20260817T182717Z,555,184358013,482833687556638,482833921000000,320,240,5365,frames/0000000555.jpg
cam01,fusion_20260817T182717Z,556,184466203,482833795756442,482834093000000,320,240,5026,frames/0000000556.jpg
cam01,fusion_20260817T182717Z,557,184502085,482833831641694,482834265000000,320,240,5154,frames/0000000557.jpg
cam01,fusion_20260817T182717Z,558,184898332,482834227924599,482834468000000,320,240,5356,frames/0000000558.jpg
cam01,fusion_20260817T182717Z,559,184934348,482834263943863,482834546000000,320,240,5442,frames/0000000559.jpg
cam01,fusion_20260817T182717Z,560,185150322,482834479937433,482834671000000,320,240,5517,frames/0000000560.jpg
cam01,fusion_20260817T182717Z,561,185186464,482834516082708,482834781000000,320,240,5508,frames/0000000561.jpg
cam01,fusion_20260817T182717Z,562,185366432,482834696067016,482834906000000,320,240,5503,frames/0000000562.jpg
cam01,fusion_20260817T182717Z,563,185402574,482834732212291,482835125000000,320,240,5427,frames/0000000563.jpg
cam01,fusion_20260817T182717Z,564,185726784,482835056451669,482835281000000,320,240,5301,frames/0000000564.jpg
cam01,fusion_20260817T182717Z,565,185762763,482835092433929,482835359000000,320,240,5367,frames/0000000565.jpg
cam01,fusion_20260817T182717Z,566,185942720,482835272407236,482835453000000,320,240,5408,frames/0000000566.jpg
cam01,fusion_20260817T182717Z,567,186014756,482835344449763,482835640000000,320,240,5468,frames/0000000567.jpg
cam01,fusion_20260817T182717Z,568,186339041,482835668764148,482835796000000,320,240,5441,frames/0000000568.jpg
cam01,fusion_20260817T182717Z,569,186447099,482835776831940,482835906000000,320,240,5528,frames/0000000569.jpg
cam01,fusion_20260817T182717Z,570,186483070,482835812806199,482836031000000,320,240,5463,frames/0000000570.jpg
cam01,fusion_20260817T182717Z,571,186627183,482835956932258,482836218000000,320,240,5578,frames/0000000571.jpg
cam01,fusion_20260817T182717Z,572,186663207,482835992959522,482836312000000,320,240,5584,frames/0000000572.jpg
cam01,fusion_20260817T182717Z,573,186807574,482836137339604,482836390000000,320,240,5478,frames/0000000573.jpg
cam01,fusion_20260817T182717Z,574,186987238,482836317019884,482836437000000,320,240,5593,frames/0000000574.jpg
cam01,fusion_20260817T182717Z,575,187059273,482836389061412,482836531000000,320,240,5611,frames/0000000575.jpg
cam01,fusion_20260817T182717Z,576,187131308,482836461102939,482836609000000,320,240,5539,frames/0000000576.jpg
cam01,fusion_20260817T182717Z,577,187167444,482836497242214,482836718000000,320,240,5614,frames/0000000577.jpg
cam01,fusion_20260817T182717Z,578,187347538,482836677352533,482836812000000,320,240,5578,frames/0000000578.jpg
cam01,fusion_20260817T182717Z,579,187383565,482836713382797,482836890000000,320,240,5536,frames/0000000579.jpg
cam01,fusion_20260817T182717Z,580,187527509,482836857339841,482837000000000,320,240,5551,frames/0000000580.jpg
cam01,fusion_20260817T182717Z,581,187635558,482836965398632,482837093000000,320,240,5509,frames/0000000581.jpg
cam01,fusion_20260817T182717Z,582,187743615,482837073465423,482837203000000,320,240,5416,frames/0000000582.jpg
cam01,fusion_20260817T182717Z,583,187779762,482837109615699,482837453000000,320,240,5475,frames/0000000583.jpg
cam01,fusion_20260817T182717Z,584,187887684,482837217547478,482837531000000,320,240,5500,frames/0000000584.jpg
cam01,fusion_20260817T182717Z,585,187995741,482837325614269,482837640000000,320,240,5444,frames/0000000585.jpg
cam01,fusion_20260817T182717Z,586,188355917,482837685822907,482837843000000,320,240,5665,frames/0000000586.jpg
cam01,fusion_20260817T182717Z,587,188463973,482837793888698,482837921000000,320,240,5528,frames/0000000587.jpg
cam01,fusion_20260817T182717Z,588,188572025,482837901950489,482838031000000,320,240,5612,frames/0000000588.jpg
cam01,fusion_20260817T182717Z,589,188680080,482838010015280,482838125000000,320,240,5591,frames/0000000589.jpg
cam01,fusion_20260817T182717Z,590,188716233,482838046171556,482838234000000,320,240,5608,frames/0000000590.jpg
cam01,fusion_20260817T182717Z,591,188860173,482838190124600,482838343000000,320,240,5649,frames/0000000591.jpg
cam01,fusion_20260817T182717Z,592,188896309,482838226263874,482838421000000,320,240,5779,frames/0000000592.jpg
cam01,fusion_20260817T182717Z,593,189076390,482838406361192,482838531000000,320,240,5694,frames/0000000593.jpg
cam01,fusion_20260817T182717Z,594,189184436,482838514416982,482838640000000,320,240,5804,frames/0000000594.jpg
cam01,fusion_20260817T182717Z,595,189220469,482838550453248,482838734000000,320,240,5720,frames/0000000595.jpg
cam01,fusion_20260817T182717Z,596,189364532,482838694529302,482838859000000,320,240,5666,frames/0000000596.jpg
cam01,fusion_20260817T182717Z,597,189400572,482838730572568,482838968000000,320,240,5630,frames/0000000597.jpg
cam01,fusion_20260817T182717Z,598,189508493,482838838503347,482839031000000,320,240,5625,frames/0000000598.jpg
cam01,fusion_20260817T182717Z,599,189616544,482838946564138,482839125000000,320,240,5639,frames/0000000599.jpg
cam01,fusion_20260817T182717Z,600,189688582,482839018608665,482839234000000,320,240,5581,frames/0000000600.jpg
cam01,fusion_20260817T182717Z,601,189868676,482839198718984,482839343000000,320,240,5478,frames/0000000601.jpg
cam01,fusion_20260817T182717Z,602,189904803,482839234849258,482839437000000,320,240,5424,frames/0000000602.jpg
cam01,fusion_20260817T182717Z,603,190012764,482839342820041,482839546000000,320,240,5303,frames/0000000603.jpg
cam01,fusion_20260817T182717Z,604,190121118,482839451183859,482839640000000,320,240,5508,frames/0000000604.jpg
cam01,fusion_20260817T182717Z,605,190264989,482839595067896,482839718000000,320,240,5430,frames/0000000605.jpg
cam01,fusion_20260817T182717Z,606,190372932,482839703020677,482839859000000,320,240,5502,frames/0000000606.jpg
cam01,fusion_20260817T182717Z,607,190481102,482839811200479,482839953000000,320,240,5481,frames/0000000607.jpg
cam01,fusion_20260817T182717Z,608,190517061,482839847162738,482840093000000,320,240,5447,frames/0000000608.jpg
cam01,fusion_20260817T182717Z,609,190661073,482839991187787,482840265000000,320,240,5556,frames/0000000609.jpg
cam01,fusion_20260817T182717Z,610,190697171,482840027289058,482840421000000,320,240,5533,frames/0000000610.jpg
cam01,fusion_20260817T182717Z,611,190805142,482840135269842,482840593000000,320,240,5447,frames/0000000611.jpg
cam01,fusion_20260817T182717Z,612,190985237,482840315381161,482840750000000,320,240,5562,frames/0000000612.jpg
cam01,fusion_20260817T182717Z,613,191381602,482840711782078,482840890000000,320,240,5229,frames/0000000613.jpg
cam01,fusion_20260817T182717Z,614,191417599,482840747782339,482840984000000,320,240,5314,frames/0000000614.jpg
cam01,fusion_20260817T182717Z,615,191489489,482840819678854,482841218000000,320,240,5543,frames/0000000615.jpg
cam01,fusion_20260817T182717Z,616,191633560,482840963762909,482841281000000,320,240,5448,frames/0000000616.jpg
cam01,fusion_20260817T182717Z,617,191705590,482841035799436,482841328000000,320,240,5513,frames/0000000617.jpg
cam01,fusion_20260817T182717Z,618,191921705,482841251934019,482841359000000,320,240,5460,frames/0000000618.jpg
cam01,fusion_20260817T182717Z,619,191994186,482841324421587,482841562000000,320,240,5591,frames/0000000619.jpg
cam01,fusion_20260817T182717Z,620,192065897,482841396139085,482841609000000,320,240,5538,frames/0000000620.jpg
cam01,fusion_20260817T182717Z,621,192101910,482841432155348,482841656000000,320,240,5578,frames/0000000621.jpg
cam01,fusion_20260817T182717Z,622,192317900,482841648164920,482841765000000,320,240,5483,frames/0000000622.jpg
cam01,fusion_20260817T182717Z,623,192354036,482841684304194,482841828000000,320,240,5390,frames/0000000623.jpg
cam01,fusion_20260817T182717Z,624,192461972,482841792249975,482841906000000,320,240,5548,frames/0000000624.jpg
cam01,fusion_20260817T182717Z,625,192570026,482841900313766,482842031000000,320,240,5371,frames/0000000625.jpg
cam01,fusion_20260817T182717Z,626,192678865,482842009162628,482842140000000,320,240,5393,frames/0000000626.jpg
cam01,fusion_20260817T182717Z,627,192786178,482842116485352,482842234000000,320,240,5110,frames/0000000627.jpg
cam01,fusion_20260817T182717Z,628,192858298,482842188611888,482842312000000,320,240,5427,frames/0000000628.jpg
cam01,fusion_20260817T182717Z,629,192966261,482842296584671,482842437000000,320,240,5315,frames/0000000629.jpg
cam01,fusion_20260817T182717Z,630,193074279,482842404612459,482842515000000,320,240,5406,frames/0000000630.jpg
cam01,fusion_20260817T182717Z,631,193182372,482842512715253,482842562000000,320,240,5209,frames/0000000631.jpg
cam01,fusion_20260817T182717Z,632,193254489,482842584838788,482842718000000,320,240,5488,frames/0000000632.jpg
cam01,fusion_20260817T182717Z,633,193362421,482842692780568,482842843000000,320,240,5514,frames/0000000633.jpg
cam01,fusion_20260817T182717Z,634,193398566,482842728928844,482842937000000,320,240,5426,frames/0000000634.jpg
cam01,fusion_20260817T182717Z,635,193578532,482842908911151,482843031000000,320,240,4971,frames/0000000635.jpg
cam01,fusion_20260817T182717Z,636,193614638,482842945020423,482843125000000,320,240,5115,frames/0000000636.jpg
cam01,fusion_20260817T182717Z,637,193758625,482843089020470,482843234000000,320,240,5317,frames/0000000637.jpg
cam01,fusion_20260817T182717Z,638,193866712,482843197117265,482843296000000,320,240,5273,frames/0000000638.jpg
cam01,fusion_20260817T182717Z,639,193974844,482843305259063,482843468000000,320,240,5445,frames/0000000639.jpg
cam01,fusion_20260817T182717Z,640,194082905,482843413329855,482843546000000,320,240,5495,frames/0000000640.jpg
cam01,fusion_20260817T182717Z,641,194118922,482843449350118,482843640000000,320,240,5420,frames/0000000641.jpg
cam01,fusion_20260817T182717Z,642,194190835,482843521269635,482843750000000,320,240,5512,frames/0000000642.jpg
cam01,fusion_20260817T182717Z,643,194370925,482843701375954,482843843000000,320,240,5555,frames/0000000643.jpg
cam01,fusion_20260817T182717Z,644,194479084,482843809544754,482843937000000,320,240,5531,frames/0000000644.jpg
cam01,fusion_20260817T182717Z,645,194587034,482843917504536,482844031000000,320,240,5417,frames/0000000645.jpg
cam01,fusion_20260817T182717Z,646,194659198,482843989675075,482844078000000,320,240,5418,frames/0000000646.jpg
cam01,fusion_20260817T182717Z,647,194767125,482844097611855,482844250000000,320,240,5461,frames/0000000647.jpg
cam01,fusion_20260817T182717Z,648,194875292,482844205788657,482844343000000,320,240,5340,frames/0000000648.jpg
cam01,fusion_20260817T182717Z,649,194911338,482844241837923,482847000000000,320,240,5394,frames/0000000649.jpg
cam01,fusion_20260817T182717Z,650,195019244,482844349753701,482847062000000,320,240,5511,frames/0000000650.jpg
cam01,fusion_20260817T182717Z,651,197756743,482847087500758,482847171000000,320,240,5666,frames/0000000651.jpg
cam01,fusion_20260817T182717Z,652,197864781,482847195548548,482847343000000,320,240,5661,frames/0000000652.jpg
cam01,fusion_20260817T182717Z,653,197901384,482847232154864,482847421000000,320,240,5572,frames/0000000653.jpg
cam01,fusion_20260817T182717Z,654,198044754,482847375537856,482847515000000,320,240,5672,frames/0000000654.jpg
cam01,fusion_20260817T182717Z,655,198152946,482847483739660,482847625000000,320,240,5611,frames/0000000655.jpg
cam01,fusion_20260817T182717Z,656,198260863,482847591666438,482847734000000,320,240,5595,frames/0000000656.jpg
cam01,fusion_20260817T182717Z,657,198296995,482847627801712,482847859000000,320,240,5560,frames/0000000657.jpg
cam01,fusion_20260817T182717Z,658,198441121,482847771940772,482847984000000,320,240,5433,frames/0000000658.jpg
cam01,fusion_20260817T182717Z,659,198477077,482847807900030,482848062000000,320,240,5497,frames/0000000659.jpg
cam01,fusion_20260817T182717Z,660,198657061,482847987900340,482848156000000,320,240,5491,frames/0000000660.jpg
cam01,fusion_20260817T182717Z,661,198729096,482848059941867,482848234000000,320,240,5422,frames/0000000661.jpg
cam01,fusion_20260817T182717Z,662,198801136,482848131988395,482848312000000,320,240,5608,frames/0000000662.jpg
cam01,fusion_20260817T182717Z,663,198909191,482848240053186,482848390000000,320,240,5510,frames/0000000663.jpg
cam01,fusion_20260817T182717Z,664,199053273,482848384148242,482848500000000,320,240,5578,frames/0000000664.jpg
cam01,fusion_20260817T182717Z,665,199161434,482848492319043,482848625000000,320,240,5509,frames/0000000665.jpg
cam01,fusion_20260817T182717Z,666,199233471,482848564362571,482848718000000,320,240,5397,frames/0000000666.jpg
cam01,fusion_20260817T182717Z,667,199341408,482848672309351,482848796000000,320,240,5303,frames/0000000667.jpg
cam01,fusion_20260817T182717Z,668,199449462,482848780373143,482848906000000,320,240,5403,frames/0000000668.jpg
cam01,fusion_20260817T182717Z,669,199557513,482848888433934,482849015000000,320,240,5562,frames/0000000669.jpg
cam01,fusion_20260817T182717Z,670,199665703,482848996633737,482849125000000,320,240,5441,frames/0000000670.jpg
cam01,fusion_20260817T182717Z,671,199737721,482849068658263,482849234000000,320,240,5409,frames/0000000671.jpg
cam01,fusion_20260817T182717Z,672,199845654,482849176601043,482849312000000,320,240,5455,frames/0000000672.jpg
cam01,fusion_20260817T182717Z,673,199953711,482849284667835,482849437000000,320,240,5509,frames/0000000673.jpg
cam01,fusion_20260817T182717Z,674,200061762,482849392728626,482849531000000,320,240,5580,frames/0000000674.jpg
cam01,fusion_20260817T182717Z,675,200097874,482849428843898,482849625000000,320,240,5517,frames/0000000675.jpg
cam01,fusion_20260817T182717Z,676,200169818,482849500794417,482849718000000,320,240,5487,frames/0000000676.jpg
cam01,fusion_20260817T182717Z,677,200349905,482849680897736,482849812000000,320,240,5514,frames/0000000677.jpg
cam01,fusion_20260817T182717Z,678,200457959,482849788961527,482849921000000,320,240,5426,frames/0000000678.jpg
cam01,fusion_20260817T182717Z,679,200566142,482849897154330,482850015000000,320,240,5501,frames/0000000679.jpg
cam01,fusion_20260817T182717Z,680,200638199,482849969217860,482850125000000,320,240,5540,frames/0000000680.jpg
cam01,fusion_20260817T182717Z,681,200746103,482850077131637,482850218000000,320,240,5567,frames/0000000681.jpg
cam01,fusion_20260817T182717Z,682,200854165,482850185203429,482850328000000,320,240,5522,frames/0000000682.jpg
cam01,fusion_20260817T182717Z,683,200962344,482850293392232,482850343000000,320,240,5480,frames/0000000683.jpg
cam01,fusion_20260817T182717Z,684,201034382,482850365436759,482850453000000,320,240,5415,frames/0000000684.jpg
cam01,fusion_20260817T182717Z,685,201142350,482850473414543,482850562000000,320,240,5352,frames/0000000685.jpg
cam01,fusion_20260817T182717Z,686,201250485,482850581559342,482850703000000,320,240,5504,frames/0000000686.jpg
cam01,fusion_20260817T182717Z,687,201358523,482850689607131,482850781000000,320,240,5501,frames/0000000687.jpg
cam01,fusion_20260817T182717Z,688,201466464,482850797557912,482850906000000,320,240,5599,frames/0000000688.jpg
cam01,fusion_20260817T182717Z,689,201538620,482850869720451,482851015000000,320,240,5621,frames/0000000689.jpg
cam01,fusion_20260817T182717Z,690,201646553,482850977663231,482851078000000,320,240,5521,frames/0000000690.jpg
cam01,fusion_20260817T182717Z,691,201682679,482851013792505,482851250000000,320,240,5635,frames/0000000691.jpg
cam01,fusion_20260817T182717Z,692,201862658,482851193787813,482851312000000,320,240,5568,frames/0000000692.jpg
cam01,fusion_20260817T182717Z,693,201898806,482851229939089,482851421000000,320,240,5588,frames/0000000693.jpg
cam01,fusion_20260817T182717Z,694,202042753,482851373899132,482851468000000,320,240,5581,frames/0000000694.jpg
cam01,fusion_20260817T182717Z,695,202150803,482851481958923,482851562000000,320,240,5643,frames/0000000695.jpg
cam01,fusion_20260817T182717Z,696,202258988,482851590153726,482851718000000,320,240,5627,frames/0000000696.jpg
cam01,fusion_20260817T182717Z,697,202366908,482851698083506,482851765000000,320,240,5621,frames/0000000697.jpg
cam01,fusion_20260817T182717Z,698,202439065,482851770247044,482851937000000,320,240,5627,frames/0000000698.jpg
cam01,fusion_20260817T182717Z,699,202546997,482851878188824,482852031000000,320,240,5621,frames/0000000699.jpg
cam01,fusion_20260817T182717Z,700,202655055,482851986256616,482852093000000,320,240,5602,frames/0000000700.jpg
cam01,fusion_20260817T182717Z,701,202763109,482852094320407,482852234000000,320,240,5683,frames/0000000701.jpg
cam01,fusion_20260817T182717Z,702,202835261,482852166478945,482852312000000,320,240,5730,frames/0000000702.jpg
cam01,fusion_20260817T182717Z,703,202943204,482852274431726,482852437000000,320,240,5526,frames/0000000703.jpg
cam01,fusion_20260817T182717Z,704,203051385,482852382622529,482852531000000,320,240,5672,frames/0000000704.jpg
cam01,fusion_20260817T182717Z,705,203087388,482852418628792,482852625000000,320,240,5646,frames/0000000705.jpg
cam01,fusion_20260817T182717Z,706,203267364,482852598621100,482852765000000,320,240,5574,frames/0000000706.jpg
cam01,fusion_20260817T182717Z,707,203339518,482852670781638,482852843000000,320,240,5489,frames/0000000707.jpg
cam01,fusion_20260817T182717Z,708,203375533,482852706799902,482852921000000,320,240,5672,frames/0000000708.jpg
cam01,fusion_20260817T182717Z,709,203555632,482852886915221,482853031000000,320,240,5575,frames/0000000709.jpg
cam01,fusion_20260817T182717Z,710,203663680,482852994973012,482853093000000,320,240,5590,frames/0000000710.jpg
cam01,fusion_20260817T182717Z,711,203735707,482853067006539,482853218000000,320,240,5560,frames/0000000711.jpg
cam01,fusion_20260817T182717Z,712,203843650,482853174959320,482853375000000,320,240,5549,frames/0000000712.jpg
cam01,fusion_20260817T182717Z,713,203879796,482853211108595,482853437000000,320,240,5588,frames/0000000713.jpg
cam01,fusion_20260817T182717Z,714,204095776,482853427108166,482853531000000,320,240,5586,frames/0000000714.jpg
cam01,fusion_20260817T182717Z,715,204131928,482853463263442,482853625000000,320,240,5525,frames/0000000715.jpg
cam01,fusion_20260817T182717Z,716,204239846,482853571191221,482853687000000,320,240,5647,frames/0000000716.jpg
cam01,fusion_20260817T182717Z,717,204347898,482853679253012,482853828000000,320,240,5584,frames/0000000717.jpg
cam01,fusion_20260817T182717Z,718,204455956,482853787320804,482853890000000,320,240,5564,frames/0000000718.jpg
cam01,fusion_20260817T182717Z,719,204564010,482853895384595,482854015000000,320,240,5509,frames/0000000719.jpg
cam01,fusion_20260817T182717Z,720,204636211,482853967592137,482854109000000,320,240,5554,frames/0000000720.jpg
cam01,fusion_20260817T182717Z,721,204672194,482854003578398,482854234000000,320,240,5526,frames/0000000721.jpg
cam01,fusion_20260817T182717Z,722,204852163,482854183563706,482854312000000,320,240,5355,frames/0000000722.jpg
cam01,fusion_20260817T182717Z,723,204888310,482854219713981,482854406000000,320,240,5402,frames/0000000723.jpg
cam01,fusion_20260817T182717Z,724,205032354,482854363771034,482854531000000,320,240,5550,frames/0000000724.jpg
cam01,fusion_20260817T182717Z,725,205140311,482854471737816,482854625000000,320,240,5591,frames/0000000725.jpg
cam01,fusion_20260817T182717Z,726,205248347,482854579783606,482854750000000,320,240,5625,frames/0000000726.jpg
cam01,fusion_20260817T182717Z,727,205356407,482854687853398,482854828000000,320,240,5519,frames/0000000727.jpg
cam01,fusion_20260817T182717Z,728,205464461,482854795917189,482854937000000,320,240,5433,frames/0000000728.jpg
cam01,fusion_20260817T182717Z,729,205536598,482854868060726,482855046000000,320,240,5616,frames/0000000729.jpg
cam01,fusion_20260817T182717Z,730,205572626,482854904091990,482855125000000,320,240,5606,frames/0000000730.jpg
cam01,fusion_20260817T182717Z,731,205752602,482855084084299,482855218000000,320,240,5579,frames/0000000731.jpg
cam01,fusion_20260817T182717Z,732,205860654,482855192146090,482855281000000,320,240,5469,frames/0000000732.jpg
cam01,fusion_20260817T182717Z,733,205932810,482855264308628,482855406000000,320,240,5677,frames/0000000733.jpg
cam01,fusion_20260817T182717Z,734,206040755,482855372263410,482855515000000,320,240,5471,frames/0000000734.jpg
cam01,fusion_20260817T182717Z,735,206076906,482855408417685,482855531000000,320,240,5770,frames/0000000735.jpg
cam01,fusion_20260817T182717Z,736,206256849,482855588376991,482855687000000,320,240,5522,frames/0000000736.jpg
cam01,fusion_20260817T182717Z,737,206365032,482855696569794,482855828000000,320,240,5429,frames/0000000737.jpg
cam01,fusion_20260817T182717Z,738,206437076,482855768620322,482855906000000,320,240,5459,frames/0000000738.jpg
cam01,fusion_20260817T182717Z,739,206545002,482855876556102,482856000000000,320,240,5460,frames/0000000739.jpg
cam01,fusion_20260817T182717Z,740,206653188,482855984751905,482856125000000,320,240,5420,frames/0000000740.jpg
cam01,fusion_20260817T182717Z,741,206761110,482856092683684,482856203000000,320,240,5487,frames/0000000741.jpg
cam01,fusion_20260817T182717Z,742,206797224,482856128800957,482856234000000,320,240,5440,frames/0000000742.jpg
cam01,fusion_20260817T182717Z,743,206941199,482856272789003,482856390000000,320,240,5649,frames/0000000743.jpg
cam01,fusion_20260817T182717Z,744,207049239,482856380838793,482856500000000,320,240,5783,frames/0000000744.jpg
cam01,fusion_20260817T182717Z,745,207157299,482856488908585,482856593000000,320,240,5894,frames/0000000745.jpg
cam01,fusion_20260817T182717Z,746,207265465,482856597084386,482856718000000,320,240,5688,frames/0000000746.jpg
cam01,fusion_20260817T182717Z,747,207337512,482856669137914,482856765000000,320,240,5742,frames/0000000747.jpg
cam01,fusion_20260817T182717Z,748,207445455,482856777090696,482856859000000,320,240,5403,frames/0000000748.jpg
cam01,fusion_20260817T182717Z,749,207553622,482856885267497,482856953000000,320,240,5357,frames/0000000749.jpg
cam01,fusion_20260817T182717Z,750,207661690,482856993345290,482857109000000,320,240,5469,frames/0000000750.jpg
cam01,fusion_20260817T182717Z,751,207733885,482857065546832,482857187000000,320,240,5516,frames/0000000751.jpg
cam01,fusion_20260817T182717Z,752,207841647,482857173318596,482857312000000,320,240,5576,frames/0000000752.jpg
cam01,fusion_20260817T182717Z,753,207949699,482857281380388,482857406000000,320,240,5569,frames/0000000753.jpg
cam01,fusion_20260817T182717Z,754,207985815,482857317499660,482857531000000,320,240,5611,frames/0000000754.jpg
cam01,fusion_20260817T182717Z,755,208165811,482857497511970,482857625000000,320,240,5659,frames/0000000755.jpg
cam01,fusion_20260817T182717Z,756,208201927,482857533631243,482857718000000,320,240,5610,frames/0000000756.jpg
cam01,fusion_20260817T182717Z,757,208345955,482857677672294,482857781000000,320,240,5612,frames/0000000757.jpg
cam01,fusion_20260817T182717Z,758,208453951,482857785678080,482857859000000,320,240,5514,frames/0000000758.jpg
cam01,fusion_20260817T182717Z,759,208562124,482857893860882,482858031000000,320,240,5589,frames/0000000759.jpg
cam01,fusion_20260817T182717Z,760,208634162,482857965905410,482858109000000,320,240,5526,frames/0000000760.jpg
cam01,fusion_20260817T182717Z,761,208742100,482858073853190,482858406000000,320,240,5578,frames/0000000761.jpg
cam01,fusion_20260817T182717Z,762,208850155,482858181917982,482858531000000,320,240,5560,frames/0000000762.jpg
cam01,fusion_20260817T182717Z,763,209174435,482858506227366,482858609000000,320,240,5509,frames/0000000763.jpg
cam01,fusion_20260817T182717Z,764,209282363,482858614165146,482858765000000,320,240,5594,frames/0000000764.jpg
cam01,fusion_20260817T182717Z,765,209390419,482858722230938,482858859000000,320,240,5608,frames/0000000765.jpg
cam01,fusion_20260817T182717Z,766,209426547,482858758362211,482858953000000,320,240,5646,frames/0000000766.jpg
cam01,fusion_20260817T182717Z,767,209498475,482858830296729,482859062000000,320,240,5541,frames/0000000767.jpg
cam01,fusion_20260817T182717Z,768,209678675,482859010513058,482859171000000,320,240,5639,frames/0000000768.jpg
cam01,fusion_20260817T182717Z,769,209786616,482859118463839,482859250000000,320,240,5613,frames/0000000769.jpg
cam01,fusion_20260817T182717Z,770,209822752,482859154603113,482859343000000,320,240,5564,frames/0000000770.jpg
cam01,fusion_20260817T182717Z,771,209966704,482859298568157,482859375000000,320,240,5627,frames/0000000771.jpg
cam01,fusion_20260817T182717Z,772,210074759,482859406632949,482859515000000,320,240,5552,frames/0000000772.jpg
cam01,fusion_20260817T182717Z,773,210182811,482859514694740,482859640000000,320,240,5569,frames/0000000773.jpg
cam01,fusion_20260817T182717Z,774,210290997,482859622890543,482859718000000,320,240,5617,frames/0000000774.jpg
cam01,fusion_20260817T182717Z,775,210363028,482859694928070,482859890000000,320,240,5614,frames/0000000775.jpg
cam01,fusion_20260817T182717Z,776,210470952,482859802861850,482860000000000,320,240,5639,frames/0000000776.jpg
cam01,fusion_20260817T182717Z,777,210507093,482859839006124,482860093000000,320,240,5529,frames/0000000777.jpg
cam01,fusion_20260817T182717Z,778,210615031,482859946953905,482860234000000,320,240,5387,frames/0000000778.jpg
cam01,fusion_20260817T182717Z,779,210759105,482860091040960,482860437000000,320,240,5564,frames/0000000779.jpg
cam01,fusion_20260817T182717Z,780,210795336,482860127275244,482860593000000,320,240,5560,frames/0000000780.jpg
cam01,fusion_20260817T182717Z,781,211227502,482860559480404,482860734000000,320,240,5414,frames/0000000781.jpg
cam01,fusion_20260817T182717Z,782,211299602,482860631586937,482860812000000,320,240,5221,frames/0000000782.jpg
cam01,fusion_20260817T182717Z,783,211335559,482860667547196,482860890000000,320,240,5294,frames/0000000783.jpg
cam01,fusion_20260817T182717Z,784,211515482,482860847486499,482861015000000,320,240,5374,frames/0000000784.jpg
cam01,fusion_20260817T182717Z,785,211624232,482860956246354,482861156000000,320,240,5560,frames/0000000785.jpg
cam01,fusion_20260817T182717Z,786,211659693,482860991710567,482861218000000,320,240,5411,frames/0000000786.jpg
cam01,fusion_20260817T182717Z,787,211767669,482861099696351,482861296000000,320,240,5561,frames/0000000787.jpg
cam01,fusion_20260817T182717Z,788,211911677,482861243717400,482861375000000,320,240,5541,frames/0000000788.jpg
cam01,fusion_20260817T182717Z,789,212019850,482861351900202,482861453000000,320,240,5494,frames/0000000789.jpg
cam01,fusion_20260817T182717Z,790,212127902,482861459961993,482861578000000,320,240,5491,frames/0000000790.jpg
cam01,fusion_20260817T182717Z,791,212199940,482861532006521,482861687000000,320,240,5442,frames/0000000791.jpg
cam01,fusion_20260817T182717Z,792,212307874,482861639950301,482861781000000,320,240,5492,frames/0000000792.jpg
cam01,fusion_20260817T182717Z,793,212415989,482861748075098,482861812000000,320,240,5073,frames/0000000793.jpg
cam01,fusion_20260817T182717Z,794,212523974,482861856069883,482861968000000,320,240,4908,frames/0000000794.jpg
cam01,fusion_20260817T182717Z,795,212596117,482861928219420,482862078000000,320,240,5098,frames/0000000795.jpg
cam01,fusion_20260817T182717Z,796,212632145,482861964250685,482862140000000,320,240,5051,frames/0000000796.jpg
cam01,fusion_20260817T182717Z,797,212812297,482862144419009,482862296000000,320,240,5230,frames/0000000797.jpg
cam01,fusion_20260817T182717Z,798,212920358,482862252489801,482862375000000,320,240,5266,frames/0000000798.jpg
cam01,fusion_20260817T182717Z,799,213028243,482862360384577,482862484000000,320,240,5392,frames/0000000799.jpg
cam01,fusion_20260817T182717Z,800,213100397,482862432545115,482862578000000,320,240,5362,frames/0000000800.jpg
cam01,fusion_20260817T182717Z,801,213208430,482862540587905,482862687000000,320,240,5472,frames/0000000801.jpg
cam01,fusion_20260817T182717Z,802,213316382,482862648549687,482862734000000,320,240,5535,frames/0000000802.jpg
cam01,fusion_20260817T182717Z,803,213424675,482862756852500,482862843000000,320,240,5511,frames/0000000803.jpg
cam01,fusion_20260817T182717Z,804,213496583,482862828767016,482862984000000,320,240,5526,frames/0000000804.jpg
cam01,fusion_20260817T182717Z,805,213604524,482862936717797,482863093000000,320,240,5502,frames/0000000805.jpg
cam01,fusion_20260817T182717Z,806,213712581,482863044784588,482863171000000,320,240,5465,frames/0000000806.jpg
cam01,fusion_20260817T182717Z,807,213820632,482863152845379,482863281000000,320,240,5470,frames/0000000807.jpg
cam01,fusion_20260817T182717Z,808,213928814,482863261037182,482863375000000,320,240,5439,frames/0000000808.jpg
cam01,fusion_20260817T182717Z,809,214000906,482863333135715,482863484000000,320,240,5348,frames/0000000809.jpg
cam01,fusion_20260817T182717Z,810,214036871,482863369103974,482863562000000,320,240,5435,frames/0000000810.jpg
cam01,fusion_20260817T182717Z,811,214144799,482863477041753,482863687000000,320,240,5342,frames/0000000811.jpg
cam01,fusion_20260817T182717Z,812,214324888,482863657147072,482863796000000,320,240,5484,frames/0000000812.jpg
cam01,fusion_20260817T182717Z,813,214361042,482863693304348,482863859000000,320,240,5442,frames/0000000813.jpg
cam01,fusion_20260817T182717Z,814,214504974,482863837249390,482863953000000,320,240,5499,frames/0000000814.jpg
cam01,fusion_20260817T182717Z,815,214613041,482863945326183,482864078000000,320,240,5485,frames/0000000815.jpg
cam01,fusion_20260817T182717Z,816,214721086,482864053380973,482864156000000,320,240,5535,frames/0000000816.jpg
cam01,fusion_20260817T182717Z,817,214829285,482864161589778,482864265000000,320,240,5485,frames/0000000817.jpg
cam01,fusion_20260817T182717Z,818,214901335,482864233646307,482864375000000,320,240,5512,frames/0000000818.jpg
cam01,fusion_20260817T182717Z,819,215009231,482864341552084,482864453000000,320,240,5536,frames/0000000819.jpg
cam01,fusion_20260817T182717Z,820,215117274,482864449604874,482864578000000,320,240,5618,frames/0000000820.jpg
cam01,fusion_20260817T182717Z,821,215225448,482864557788676,482864687000000,320,240,5604,frames/0000000821.jpg
cam01,fusion_20260817T182717Z,822,215261427,482864593770936,482864781000000,320,240,5488,frames/0000000822.jpg
cam01,fusion_20260817T182717Z,823,215405419,482864737775984,482864890000000,320,240,5658,frames/0000000823.jpg
cam01,fusion_20260817T182717Z,824,215513469,482864845835775,482864937000000,320,240,5638,frames/0000000824.jpg
cam01,fusion_20260817T182717Z,825,215621626,482864954002575,482865078000000,320,240,5561,frames/0000000825.jpg
cam01,fusion_20260817T182717Z,826,215693688,482865026071105,482865140000000,320,240,5521,frames/0000000826.jpg
cam01,fusion_20260817T182717Z,827,215801619,482865134011885,482865250000000,320,240,5626,frames/0000000827.jpg
cam01,fusion_20260817T182717Z,828,215909670,482865242072676,482865375000000,320,240,5672,frames/0000000828.jpg
cam01,fusion_20260817T182717Z,829,216017722,482865350134467,482865484000000,320,240,5647,frames/0000000829.jpg
cam01,fusion_20260817T182717Z,830,216125777,482865458199259,482865593000000,320,240,5620,frames/0000000830.jpg
cam01,fusion_20260817T182717Z,831,216161912,482865494337533,482865687000000,320,240,5568,frames/0000000831.jpg
cam01,fusion_20260817T182717Z,832,216305873,482865638311578,482865734000000,320,240,5596,frames/0000000832.jpg
cam01,fusion_20260817T182717Z,833,216413925,482865746373369,482865875000000,320,240,5637,frames/0000000833.jpg
cam01,fusion_20260817T182717Z,834,216521973,482865854431160,482865984000000,320,240,5542,frames/0000000834.jpg
cam01,fusion_20260817T182717Z,835,216594128,482865926592698,482866078000000,320,240,5601,frames/0000000835.jpg
cam01,fusion_20260817T182717Z,836,216630162,482865962629963,482866156000000,320,240,5669,frames/0000000836.jpg
cam01,fusion_20260817T182717Z,837,216810122,482866142606270,482866265000000,320,240,5391,frames/0000000837.jpg
cam01,fusion_20260817T182717Z,838,216918183,482866250677062,482866375000000,320,240,5319,frames/0000000838.jpg
cam01,fusion_20260817T182717Z,839,217026235,482866358738853,482866484000000,320,240,5329,frames/0000000839.jpg
cam01,fusion_20260817T182717Z,840,217098392,482866430902392,482866578000000,320,240,5563,frames/0000000840.jpg
cam01,fusion_20260817T182717Z,841,217206322,482866538842172,482867218000000,320,240,5730,frames/0000000841.jpg
cam01,fusion_20260817T182717Z,842,217314480,482866647009972,482867328000000,320,240,5677,frames/0000000842.jpg
cam01,fusion_20260817T182717Z,843,217962817,482867295405721,482867437000000,320,240,5638,frames/0000000843.jpg
cam01,fusion_20260817T182717Z,844,218070739,482867403337501,482867531000000,320,240,5945,frames/0000000844.jpg
cam01,fusion_20260817T182717Z,845,218178919,482867511527303,482867640000000,320,240,5566,frames/0000000845.jpg
cam01,fusion_20260817T182717Z,846,218214900,482867547511564,482867703000000,320,240,5546,frames/0000000846.jpg
cam01,fusion_20260817T182717Z,847,218358896,482867691520612,482867828000000,320,240,5691,frames/0000000847.jpg
cam01,fusion_20260817T182717Z,848,218466970,482867799604405,482867890000000,320,240,5602,frames/0000000848.jpg
cam01,fusion_20260817T182717Z,849,218575126,482867907770205,482868031000000,320,240,5626,frames/0000000849.jpg
cam01,fusion_20260817T182717Z,850,218683056,482868015709985,482868312000000,320,240,5512,frames/0000000850.jpg
cam01,fusion_20260817T182717Z,851,218755218,482868087878524,482868359000000,320,240,5425,frames/0000000851.jpg
cam01,fusion_20260817T182717Z,852,218791501,482868124164812,482868421000000,320,240,5492,frames/0000000852.jpg
cam01,fusion_20260817T182717Z,853,219043242,482868375928623,482868515000000,320,240,5556,frames/0000000853.jpg
cam01,fusion_20260817T182717Z,854,219079373,482868412062897,482868562000000,320,240,5492,frames/0000000854.jpg
cam01,fusion_20260817T182717Z,855,219187312,482868520011678,482868640000000,320,240,5656,frames/0000000855.jpg
cam01,fusion_20260817T182717Z,856,219259345,482868592051206,482868765000000,320,240,5674,frames/0000000856.jpg
cam01,fusion_20260817T182717Z,857,219295470,482868628179479,482868796000000,320,240,5741,frames/0000000857.jpg
cam01,fusion_20260817T182717Z,858,219475557,482868808282797,482868953000000,320,240,5703,frames/0000000858.jpg
cam01,fusion_20260817T182717Z,859,219583607,482868916342588,482869031000000,320,240,5720,frames/0000000859.jpg
cam01,fusion_20260817T182717Z,860,219619635,482868952373853,482869078000000,320,240,5763,frames/0000000860.jpg
cam01,fusion_20260817T182717Z,861,219763595,482869096346898,482869234000000,320,240,5761,frames/0000000861.jpg
cam01,fusion_20260817T182717Z,862,219871765,482869204526700,482869343000000,320,240,5696,frames/0000000862.jpg
cam01,fusion_20260817T182717Z,863,219907780,482869240544963,482869453000000,320,240,5776,frames/0000000863.jpg
cam01,fusion_20260817T182717Z,864,220051850,482869384628018,482869531000000,320,240,5773,frames/0000000864.jpg
cam01,fusion_20260817T182717Z,865,220087865,482869420646281,482869609000000,320,240,5688,frames/0000000865.jpg
cam01,fusion_20260817T182717Z,866,220267848,482869600645590,482869703000000,320,240,5607,frames/0000000866.jpg
cam01,fusion_20260817T182717Z,867,220376016,482869708823392,482869812000000,320,240,5619,frames/0000000867.jpg
cam01,fusion_20260817T182717Z,868,220484089,482869816906185,482869937000000,320,240,5483,frames/0000000868.jpg
cam01,fusion_20260817T182717Z,869,220556116,482869888939712,482870031000000,320,240,5436,frames/0000000869.jpg
cam01,fusion_20260817T182717Z,870,220664095,482869996928496,482870093000000,320,240,5210,frames/0000000870.jpg
cam01,fusion_20260817T182717Z,871,220772085,482870104928282,482870187000000,320,240,5135,frames/0000000871.jpg
cam01,fusion_20260817T182717Z,872,220880216,482870213069080,482870265000000,320,240,5166,frames/0000000872.jpg
cam01,fusion_20260817T182717Z,873,220916357,482870249213355,482870421000000,320,240,5134,frames/0000000873.jpg
cam01,fusion_20260817T182717Z,874,221060286,482870393155397,482870515000000,320,240,5283,frames/0000000874.jpg
cam01,fusion_20260817T182717Z,875,221096383,482870429255668,482870609000000,320,240,5386,frames/0000000875.jpg
cam01,fusion_20260817T182717Z,876,221276353,482870609241976,482870734000000,320,240,5500,frames/0000000876.jpg
cam01,fusion_20260817T182717Z,877,221384523,482870717421778,482870828000000,320,240,5471,frames/0000000877.jpg
cam01,fusion_20260817T182717Z,878,221456559,482870789464305,482870906000000,320,240,5438,frames/0000000878.jpg
cam01,fusion_20260817T182717Z,879,221564500,482870897415086,482871046000000,320,240,5441,frames/0000000879.jpg
cam01,fusion_20260817T182717Z,880,221672559,482871005483878,482871140000000,320,240,5319,frames/0000000880.jpg
cam01,fusion_20260817T182717Z,881,221780610,482871113544669,482871171000000,320,240,5418,frames/0000000881.jpg
cam01,fusion_20260817T182717Z,882,221852761,482871185702207,482871265000000,320,240,5328,frames/0000000882.jpg
cam01,fusion_20260817T182717Z,883,221960699,482871293649987,482871390000000,320,240,5366,frames/0000000883.jpg
cam01,fusion_20260817T182717Z,884,222068870,482871401830789,482871593000000,320,240,5561,frames/0000000884.jpg
cam01,fusion_20260817T182717Z,885,222104905,482871437869055,482871703000000,320,240,5569,frames/0000000885.jpg
cam01,fusion_20260817T182717Z,886,222284859,482871617839361,482871781000000,320,240,5553,frames/0000000886.jpg
cam01,fusion_20260817T182717Z,887,222320961,482871653944632,482871890000000,320,240,5544,frames/0000000887.jpg
cam01,fusion_20260817T182717Z,888,222464948,482871797944680,482871953000000,320,240,5549,frames/0000000888.jpg
cam01,fusion_20260817T182717Z,889,222536981,482871869984207,482872031000000,320,240,5711,frames/0000000889.jpg
cam01,fusion_20260817T182717Z,890,222681048,482872014064261,482872156000000,320,240,5687,frames/0000000890.jpg
cam01,fusion_20260817T182717Z,891,222717189,482872050208536,482872250000000,320,240,5631,frames/0000000891.jpg
cam01,fusion_20260817T182717Z,892,222789109,482872122135053,482872312000000,320,240,5531,frames/0000000892.jpg
cam01,fusion_20260817T182717Z,893,222969195,482872302237372,482872421000000,320,240,5601,frames/0000000893.jpg
cam01,fusion_20260817T182717Z,894,223077247,482872410299163,482872546000000,320,240,5652,frames/0000000894.jpg
cam01,fusion_20260817T182717Z,895,223113392,482872446447438,482872656000000,320,240,5667,frames/0000000895.jpg
cam01,fusion_20260817T182717Z,896,223221324,482872554389218,482872734000000,320,240,5590,frames/0000000896.jpg
cam01,fusion_20260817T182717Z,897,223365391,482872698469273,482872812000000,320,240,5452,frames/0000000897.jpg
cam01,fusion_20260817T182717Z,898,223401542,482872734623549,482872937000000,320,240,5519,frames/0000000898.jpg
cam01,fusion_20260817T182717Z,899,223509472,482872842563329,482872968000000,320,240,5399,frames/0000000899.jpg
cam01,fusion_20260817T182717Z,900,223653670,482872986774395,482873125000000,320,240,5260,frames/0000000900.jpg
cam01,fusion_20260817T182717Z,901,223761598,482873094712175,482873234000000,320,240,5296,frames/0000000901.jpg
cam01,fusion_20260817T182717Z,902,223869653,482873202776966,482873343000000,320,240,5342,frames/0000000902.jpg
cam01,fusion_20260817T182717Z,903,223977798,482873310931766,482873421000000,320,240,5179,frames/0000000903.jpg
cam01,fusion_20260817T182717Z,904,224085996,482873419139570,482873484000000,320,240,5130,frames/0000000904.jpg
cam01,fusion_20260817T182717Z,905,224157956,482873491106091,482873609000000,320,240,5328,frames/0000000905.jpg
cam01,fusion_20260817T182717Z,906,224265988,482873599147880,482873734000000,320,240,5477,frames/0000000906.jpg
cam01,fusion_20260817T182717Z,907,224374016,482873707185669,482873828000000,320,240,5611,frames/0000000907.jpg
cam01,fusion_20260817T182717Z,908,224481955,482873815134450,482873937000000,320,240,5617,frames/0000000908.jpg
cam01,fusion_20260817T182717Z,909,224554110,482873887295988,482874000000000,320,240,5645,frames/0000000909.jpg
cam01,fusion_20260817T182717Z,910,224590124,482873923313251,482874140000000,320,240,5701,frames/0000000910.jpg
cam01,fusion_20260817T182717Z,911,224770092,482874103297559,482874250000000,320,240,5582,frames/0000000911.jpg
cam01,fusion_20260817T182717Z,912,224806235,482874139443834,482874328000000,320,240,5645,frames/0000000912.jpg
cam01,fusion_20260817T182717Z,913,224914182,482874247400616,482874421000000,320,240,5614,frames/0000000913.jpg
cam01,fusion_20260817T182717Z,914,225058236,482874391467669,482874546000000,320,240,5707,frames/0000000914.jpg
cam01,fusion_20260817T182717Z,915,225094375,482874427609944,482874625000000,320,240,5789,frames/0000000915.jpg
cam01,fusion_20260817T182717Z,916,225202305,482874535549724,482874718000000,320,240,5783,frames/0000000916.jpg
cam01,fusion_20260817T182717Z,917,225382522,482874715783054,482874828000000,320,240,5728,frames/0000000917.jpg
cam01,fusion_20260817T182717Z,918,225418537,482874751801318,482874937000000,320,240,5546,frames/0000000918.jpg
cam01,fusion_20260817T182717Z,919,225562656,482874895933377,482875046000000,320,240,5229,frames/0000000919.jpg
cam01,fusion_20260817T182717Z,920,225670796,482875004083176,482875125000000,320,240,5521,frames/0000000920.jpg
cam01,fusion_20260817T182717Z,921,225778736,482875112032957,482875234000000,320,240,5374,frames/0000000921.jpg
cam01,fusion_20260817T182717Z,922,225814756,482875148056221,482875343000000,320,240,5452,frames/0000000922.jpg
cam01,fusion_20260817T182717Z,923,225958749,482875292062269,482875453000000,320,240,5250,frames/0000000923.jpg
cam01,fusion_20260817T182717Z,924,226066777,482875400100058,482875562000000,320,240,5420,frames/0000000924.jpg
cam01,fusion_20260817T182717Z,925,226102882,482875436208329,482875703000000,320,240,5452,frames/0000000925.jpg
cam01,fusion_20260817T182717Z,926,226246829,482875580168373,482875828000000,320,240,5649,frames/0000000926.jpg
cam01,fusion_20260817T182717Z,927,226318867,482875652212901,482875937000000,320,240,5624,frames/0000000927.jpg
cam01,fusion_20260817T182717Z,928,226462944,482875796302956,482876031000000,320,240,5596,frames/0000000928.jpg
cam01,fusion_20260817T182717Z,929,226534980,482875868345484,482876109000000,320,240,5580,frames/0000000929.jpg
cam01,fusion_20260817T182717Z,930,226679049,482876012427538,482877437000000,320,240,5590,frames/0000000930.jpg
cam01,fusion_20260817T182717Z,931,226787103,482876120491330,482877515000000,320,240,5633,frames/0000000931.jpg
cam01,fusion_20260817T182717Z,932,228191902,482877525417625,482877656000000,320,240,5739,frames/0000000932.jpg
cam01,fusion_20260817T182717Z,933,228299852,482877633377407,482877765000000,320,240,5701,frames/0000000933.jpg
cam01,fusion_20260817T182717Z,934,228372011,482877705542945,482877906000000,320,240,5609,frames/0000000934.jpg
cam01,fusion_20260817T182717Z,935,228408015,482877741550208,482877984000000,320,240,5626,frames/0000000935.jpg
cam01,fusion_20260817T182717Z,936,228515963,482877849507989,482878015000000,320,240,5676,frames/0000000936.jpg
cam01,fusion_20260817T182717Z,937,228696053,482878029614308,482878218000000,320,240,5517,frames/0000000937.jpg
cam01,fusion_20260817T182717Z,938,228768225,482878101792848,482878296000000,320,240,5615,frames/0000000938.jpg
cam01,fusion_20260817T182717Z,939,228804204,482878137775108,482878390000000,320,240,5540,frames/0000000939.jpg
cam01,fusion_20260817T182717Z,940,228948186,482878281770155,482878453000000,320,240,5464,frames/0000000940.jpg
cam01,fusion_20260817T182717Z,941,229092257,482878425854210,482878546000000,320,240,5509,frames/0000000941.jpg
cam01,fusion_20260817T182717Z,942,229200438,482878534045013,482878750000000,320,240,5470,frames/0000000942.jpg
cam01,fusion_20260817T182717Z,943,229272466,482878606079540,482878859000000,320,240,5694,frames/0000000943.jpg
cam01,fusion_20260817T182717Z,944,229308494,482878642110804,482879000000000,320,240,5678,frames/0000000944.jpg
cam01,fusion_20260817T182717Z,945,229488452,482878822085111,482879125000000,320,240,5473,frames/0000000945.jpg
cam01,fusion_20260817T182717Z,946,229632525,482878966171166,482879203000000,320,240,5614,frames/0000000946.jpg
cam01,fusion_20260817T182717Z,947,229740578,482879074233957,482879328000000,320,240,5576,frames/0000000947.jpg
cam01,fusion_20260817T182717Z,948,229848630,482879182295748,482879500000000,320,240,5564,frames/0000000948.jpg
cam01,fusion_20260817T182717Z,949,229920664,482879254336276,482879578000000,320,240,5585,frames/0000000949.jpg
cam01,fusion_20260817T182717Z,950,230280991,482879614695927,482879750000000,320,240,5633,frames/0000000950.jpg
cam01,fusion_20260817T182717Z,951,230352999,482879686710452,482879859000000,320,240,5711,frames/0000000951.jpg
cam01,fusion_20260817T182717Z,952,230460932,482879794653232,482879953000000,320,240,5695,frames/0000000952.jpg
cam01,fusion_20260817T182717Z,953,230497062,482879830786506,482880046000000,320,240,5769,frames/0000000953.jpg
cam01,fusion_20260817T182717Z,954,230677042,482880010782814,482880140000000,320,240,5624,frames/0000000954.jpg
cam01,fusion_20260817T182717Z,955,230785096,482880118846606,482880187000000,320,240,5575,frames/0000000955.jpg
cam01,fusion_20260817T182717Z,956,230857252,482880191009144,482880343000000,320,240,5662,frames/0000000956.jpg
cam01,fusion_20260817T182717Z,957,230965200,482880298966926,482880437000000,320,240,5726,frames/0000000957.jpg
cam01,fusion_20260817T182717Z,958,231073351,482880407127726,482880515000000,320,240,5933,frames/0000000958.jpg
cam01,fusion_20260817T182717Z,959,231181745,482880515531548,482880640000000,320,240,5929,frames/0000000959.jpg
cam01,fusion_20260817T182717Z,960,231253432,482880587225044,482880734000000,320,240,5900,frames/0000000960.jpg
cam01,fusion_20260817T182717Z,961,231361381,482880695183826,482880843000000,320,240,5671,frames/0000000961.jpg
cam01,fusion_20260817T182717Z,962,231397529,482880731335101,482880906000000,320,240,5830,frames/0000000962.jpg
cam01,fusion_20260817T182717Z,963,231577605,482880911427419,482881046000000,320,240,5723,frames/0000000963.jpg
cam01,fusion_20260817T182717Z,964,231613632,482880947457683,482881140000000,320,240,5726,frames/0000000964.jpg
cam01,fusion_20260817T182717Z,965,231721563,482881055398463,482881234000000,320,240,5667,frames/0000000965.jpg
cam01,fusion_20260817T182717Z,966,231865635,482881199483518,482881328000000,320,240,5719,frames/0000000966.jpg
cam01,fusion_20260817T182717Z,967,231901785,482881235636794,482881437000000,320,240,5699,frames/0000000967.jpg
cam01,fusion_20260817T182717Z,968,232081741,482881415609101,482881531000000,320,240,5619,frames/0000000968.jpg
cam01,fusion_20260817T182717Z,969,232117872,482881451743375,482881625000000,320,240,5692,frames/0000000969.jpg
cam01,fusion_20260817T182717Z,970,232261827,482881595711419,482881734000000,320,240,5774,frames/0000000970.jpg
cam01,fusion_20260817T182717Z,971,232298038,482881631925700,482881828000000,320,240,5789,frames/0000000971.jpg
cam01,fusion_20260817T182717Z,972,232478041,482881811945011,482881937000000,320,240,5798,frames/0000000972.jpg
cam01,fusion_20260817T182717Z,973,232586109,482881920022804,482882046000000,320,240,5756,frames/0000000973.jpg
cam01,fusion_20260817T182717Z,974,232658161,482881992081333,482882140000000,320,240,5720,frames/0000000974.jpg
cam01,fusion_20260817T182717Z,975,232766081,482882100011112,482882296000000,320,240,5741,frames/0000000975.jpg
cam01,fusion_20260817T182717Z,976,232874135,482882208074903,482882421000000,320,240,5765,frames/0000000976.jpg
cam01,fusion_20260817T182717Z,977,232910264,482882244207177,482882500000000,320,240,5843,frames/0000000977.jpg
cam01,fusion_20260817T182717Z,978,233018204,482882352156958,482882625000000,320,240,5873,frames/0000000978.jpg
cam01,fusion_20260817T182717Z,979,233126260,482882460222749,482882812000000,320,240,5855,frames/0000000979.jpg
cam01,fusion_20260817T182717Z,980,233234314,482882568286540,482882906000000,320,240,5791,frames/0000000980.jpg
cam01,fusion_20260817T182717Z,981,233342375,482882676357332,482883015000000,320,240,5632,frames/0000000981.jpg
cam01,fusion_20260817T182717Z,982,233522461,482882856459651,482883125000000,320,240,5641,frames/0000000982.jpg
cam01,fusion_20260817T182717Z,983,233630517,482882964525442,482883218000000,320,240,5701,frames/0000000983.jpg
cam01,fusion_20260817T182717Z,984,233738568,482883072586233,482883328000000,320,240,5732,frames/0000000984.jpg
cam01,fusion_20260817T182717Z,985,233846622,482883180650024,482883453000000,320,240,5630,frames/0000000985.jpg
cam01,fusion_20260817T182717Z,986,234098961,482883433011890,482883578000000,320,240,5830,frames/0000000986.jpg
cam01,fusion_20260817T182717Z,987,234206798,482883540858662,482883625000000,320,240,5761,frames/0000000987.jpg
cam01,fusion_20260817T182717Z,988,234314857,482883648927453,482883796000000,320,240,5710,frames/0000000988.jpg
cam01,fusion_20260817T182717Z,989,234423027,482883757107255,482883875000000,320,240,5636,frames/0000000989.jpg
cam01,fusion_20260817T182717Z,990,234459049,482883793132519,482883984000000,320,240,5519,frames/0000000990.jpg
cam01,fusion_20260817T182717Z,991,234603010,482883937106564,482884031000000,320,240,5452,frames/0000000991.jpg
cam01,fusion_20260817T182717Z,992,234639157,482883973256840,482884187000000,320,240,5347,frames/0000000992.jpg
cam01,fusion_20260817T182717Z,993,234819228,482884153344157,482884281000000,320,240,5510,frames/0000000993.jpg
cam01,fusion_20260817T182717Z,994,234927298,482884261423949,482884343000000,320,240,5359,frames/0000000994.jpg
cam01,fusion_20260817T182717Z,995,234999323,482884333455476,482884484000000,320,240,5260,frames/0000000995.jpg
cam01,fusion_20260817T182717Z,996,235107257,482884441399256,482884609000000,320,240,5543,frames/0000000996.jpg
cam01,fusion_20260817T182717Z,997,235215308,482884549460047,482884718000000,320,240,5561,frames/0000000997.jpg
cam01,fusion_20260817T182717Z,998,235323356,482884657517838,482884843000000,320,240,5682,frames/0000000998.jpg
cam01,fusion_20260817T182717Z,999,235359488,482884693653112,482884953000000,320,240,5697,frames/0000000999.jpg
cam01,fusion_20260817T182717Z,1000,235503458,482884837636158,482885031000000,320,240,5607,frames/0000001000.jpg
cam01,fusion_20260817T182717Z,1001,235611505,482884945692948,482885109000000,320,240,5614,frames/0000001001.jpg
cam01,fusion_20260817T182717Z,1002,235683537,482885017731476,482885203000000,320,240,5637,frames/0000001002.jpg
cam01,fusion_20260817T182717Z,1003,235755577,482885089778003,482885281000000,320,240,5673,frames/0000001003.jpg
cam01,fusion_20260817T182717Z,1004,235863630,482885197840795,482885328000000,320,240,5613,frames/0000001004.jpg
cam01,fusion_20260817T182717Z,1005,235971686,482885305906586,482885484000000,320,240,5610,frames/0000001005.jpg
cam01,fusion_20260817T182717Z,1006,236115892,482885450125653,482885578000000,320,240,5619,frames/0000001006.jpg
cam01,fusion_20260817T182717Z,1007,236223932,482885558175443,482885687000000,320,240,5593,frames/0000001007.jpg
cam01,fusion_20260817T182717Z,1008,236296185,482885630434990,482885781000000,320,240,5726,frames/0000001008.jpg
cam01,fusion_20260817T182717Z,1009,236332011,482885666264237,482885890000000,320,240,5612,frames/0000001009.jpg
cam01,fusion_20260817T182717Z,1010,236475937,482885810203279,482886000000000,320,240,5618,frames/0000001010.jpg
cam01,fusion_20260817T182717Z,1011,236620009,482885954288334,482886078000000,320,240,5732,frames/0000001011.jpg
cam01,fusion_20260817T182717Z,1012,236692161,482886026446872,482886187000000,320,240,5717,frames/0000001012.jpg
cam01,fusion_20260817T182717Z,1013,236728201,482886062490137,482886250000000,320,240,5750,frames/0000001013.jpg
cam01,fusion_20260817T182717Z,1014,236908156,482886242461444,482886390000000,320,240,5779,frames/0000001014.jpg
cam01,fusion_20260817T182717Z,1015,237016199,482886350514234,482886484000000,320,240,5641,frames/0000001015.jpg
cam01,fusion_20260817T182717Z,1016,237124259,482886458584026,482886546000000,320,240,5641,frames/0000001016.jpg
cam01,fusion_20260817T182717Z,1017,237196419,482886530750565,482886687000000,320,240,5621,frames/0000001017.jpg
cam01,fusion_20260817T182717Z,1018,237304349,482886638690345,482886781000000,320,240,5397,frames/0000001018.jpg
cam01,fusion_20260817T182717Z,1019,237412409,482886746760136,482886890000000,320,240,5271,frames/0000001019.jpg
cam01,fusion_20260817T182717Z,1020,237520465,482886854825928,482887015000000,320,240,5442,frames/0000001020.jpg
cam01,fusion_20260817T182717Z,1021,237556608,482886890972203,482887093000000,320,240,5527,frames/0000001021.jpg
cam01,fusion_20260817T182717Z,1022,237628523,482886962893720,482887281000000,320,240,5516,frames/0000001022.jpg
cam01,fusion_20260817T182717Z,1023,237808733,482887143120049,482887406000000,320,240,5603,frames/0000001023.jpg
cam01,fusion_20260817T182717Z,1024,237844755,482887179145313,482887500000000,320,240,5732,frames/0000001024.jpg
cam01,fusion_20260817T182717Z,1025,238024716,482887359122620,482887578000000,320,240,5448,frames/0000001025.jpg
cam01,fusion_20260817T182717Z,1026,238132795,482887467211414,482887734000000,320,240,5293,frames/0000001026.jpg
cam01,fusion_20260817T182717Z,1027,238240828,482887575254203,482887859000000,320,240,5243,frames/0000001027.jpg
cam01,fusion_20260817T182717Z,1028,238349506,482887683942051,482887937000000,320,240,5466,frames/0000001028.jpg
cam01,fusion_20260817T182717Z,1029,238637143,482887971605115,482888171000000,320,240,5483,frames/0000001029.jpg
cam01,fusion_20260817T182717Z,1030,238745248,482888079719911,482888265000000,320,240,5543,frames/0000001030.jpg
cam01,fusion_20260817T182717Z,1031,238781222,482888115697171,482888390000000,320,240,5625,frames/0000001031.jpg
cam01,fusion_20260817T182717Z,1032,238889141,482888223625950,482888531000000,320,240,5654,frames/0000001032.jpg
cam01,fusion_20260817T182717Z,1033,238997196,482888331690741,482888625000000,320,240,5644,frames/0000001033.jpg
cam01,fusion_20260817T182717Z,1034,239141270,482888475777796,482888703000000,320,240,5684,frames/0000001034.jpg
cam01,fusion_20260817T182717Z,1035,239285346,482888619866852,482888781000000,320,240,5459,frames/0000001035.jpg
cam01,fusion_20260817T182717Z,1036,239357380,482888691907379,482888812000000,320,240,5351,frames/0000001036.jpg
cam01,fusion_20260817T182717Z,1037,239429449,482888763982910,482888843000000,320,240,5340,frames/0000001037.jpg
cam01,fusion_20260817T182717Z,1038,239537568,482888872111707,482889000000000,320,240,5806,frames/0000001038.jpg
cam01,fusion_20260817T182717Z,1039,239573585,482888908131970,482889078000000,320,240,5833,frames/0000001039.jpg
cam01,fusion_20260817T182717Z,1040,239717660,482889052220026,482889203000000,320,240,5857,frames/0000001040.jpg
cam01,fusion_20260817T182717Z,1041,239753696,482889088259291,482889281000000,320,240,5975,frames/0000001041.jpg
cam01,fusion_20260817T182717Z,1042,239933651,482889268230598,482889406000000,320,240,5874,frames/0000001042.jpg
cam01,fusion_20260817T182717Z,1043,239969786,482889304368872,482889500000000,320,240,5944,frames/0000001043.jpg
cam01,fusion_20260817T182717Z,1044,240149767,482889484366181,482889593000000,320,240,5649,frames/0000001044.jpg
cam01,fusion_20260817T182717Z,1045,240221927,482889556532720,482889718000000,320,240,5448,frames/0000001045.jpg
cam01,fusion_20260817T182717Z,1046,240329868,482889664483501,482889812000000,320,240,5434,frames/0000001046.jpg
cam01,fusion_20260817T182717Z,1047,240366004,482889700622775,482889875000000,320,240,5475,frames/0000001047.jpg
cam01,fusion_20260817T182717Z,1048,240509960,482889844591820,482890015000000,320,240,5291,frames/0000001048.jpg
cam01,fusion_20260817T182717Z,1049,240618126,482889952767621,482890078000000,320,240,5362,frames/0000001049.jpg
cam01,fusion_20260817T182717Z,1050,240726115,482890060766406,482890187000000,320,240,5170,frames/0000001050.jpg
cam01,fusion_20260817T182717Z,1051,240834144,482890168805195,482890234000000,320,240,5414,frames/0000001051.jpg
cam01,fusion_20260817T182717Z,1052,240942175,482890276845984,482890328000000,320,240,5458,frames/0000001052.jpg
cam01,fusion_20260817T182717Z,1053,241050366,482890385046788,482890468000000,320,240,5395,frames/0000001053.jpg
cam01,fusion_20260817T182717Z,1054,241122369,482890457056313,482890609000000,320,240,5336,frames/0000001054.jpg
cam01,fusion_20260817T182717Z,1055,241230317,482890565014094,482890718000000,320,240,5098,frames/0000001055.jpg
cam01,fusion_20260817T182717Z,1056,241338472,482890673178895,482890796000000,320,240,5016,frames/0000001056.jpg
cam01,fusion_20260817T182717Z,1057,241446693,482890781409701,482890859000000,320,240,5201,frames/0000001057.jpg
cam01,fusion_20260817T182717Z,1058,241518642,482890853365221,482891000000000,320,240,4982,frames/0000001058.jpg
cam01,fusion_20260817T182717Z,1059,241626498,482890961230994,482891125000000,320,240,4856,frames/0000001059.jpg
cam01,fusion_20260817T182717Z,1060,241662655,482890997391270,482891218000000,320,240,4934,frames/0000001060.jpg
cam01,fusion_20260817T182717Z,1061,241842673,482891177425583,482891312000000,320,240,5195,frames/0000001061.jpg
cam01,fusion_20260817T182717Z,1062,241878873,482891213628863,482891406000000,320,240,5175,frames/0000001062.jpg
cam01,fusion_20260817T182717Z,1063,242022981,482891357749921,482891500000000,320,240,5273,frames/0000001063.jpg
cam01,fusion_20260817T182717Z,1064,242130766,482891465544688,482891593000000,320,240,5128,frames/0000001064.jpg
cam01,fusion_20260817T182717Z,1065,242166973,482891501754969,482891703000000,320,240,5073,frames/0000001065.jpg
cam01,fusion_20260817T182717Z,1066,242346999,482891681797282,482891718000000,320,240,5383,frames/0000001066.jpg
cam01,fusion_20260817T182717Z,1067,242419032,482891753836809,482891843000000,320,240,5252,frames/0000001067.jpg
cam01,fusion_20260817T182717Z,1068,242526943,482891861757587,482891953000000,320,240,5111,frames/0000001068.jpg
cam01,fusion_20260817T182717Z,1069,242635414,482891970238416,482892062000000,320,240,5141,frames/0000001069.jpg
cam01,fusion_20260817T182717Z,1070,242743141,482892077975178,482892187000000,320,240,5306,frames/0000001070.jpg
cam01,fusion_20260817T182717Z,1071,242851240,482892186083974,482892250000000,320,240,5362,frames/0000001071.jpg
cam01,fusion_20260817T182717Z,1072,242923351,482892258201508,482892375000000,320,240,5384,frames/0000001072.jpg
cam01,fusion_20260817T182717Z,1073,242959306,482892294159766,482892500000000,320,240,5344,frames/0000001073.jpg
cam01,fusion_20260817T182717Z,1074,243067237,482892402100546,482892562000000,320,240,5182,frames/0000001074.jpg
cam01,fusion_20260817T182717Z,1075,243247469,482892582348878,482892640000000,320,240,5399,frames/0000001075.jpg
cam01,fusion_20260817T182717Z,1076,243319557,482892654443410,482892750000000,320,240,5363,frames/0000001076.jpg
cam01,fusion_20260817T182717Z,1077,243427416,482892762312183,482892828000000,320,240,5424,frames/0000001077.jpg
cam01,fusion_20260817T182717Z,1078,243535573,482892870478984,482892953000000,320,240,5670,frames/0000001078.jpg
cam01,fusion_20260817T182717Z,1079,243643655,482892978570778,482893062000000,320,240,5933,frames/0000001079.jpg
cam01,fusion_20260817T182717Z,1080,243751641,482893086566563,482893171000000,320,240,6031,frames/0000001080.jpg
cam01,fusion_20260817T182717Z,1081,243823719,482893158651094,482893281000000,320,240,6100,frames/0000001081.jpg
cam01,fusion_20260817T182717Z,1082,243859730,482893194665357,482893328000000,320,240,6062,frames/0000001082.jpg
cam01,fusion_20260817T182717Z,1083,244039699,482893374650665,482893468000000,320,240,6124,frames/0000001083.jpg
cam01,fusion_20260817T182717Z,1084,244147837,482893482798464,482893562000000,320,240,6124,frames/0000001084.jpg
cam01,fusion_20260817T182717Z,1085,244219905,482893554872994,482893656000000,320,240,6117,frames/0000001085.jpg
cam01,fusion_20260817T182717Z,1086,244327846,482893662823775,482893812000000,320,240,6182,frames/0000001086.jpg
